Date,Open,High,Low,Close,Adj Close,Volume,Dividends,Stock Splits
2023-01-03,122.81999969482422,126.37000274658203,122.27999877929688,124.73999786376953,123.65413665771484,35528500,0.0,0.0
2023-01-04,127.37999725341797,129.0500030517578,125.8499984741211,127.37000274658203,126.26123046875,32397100,0.0,0.0
2023-01-05,126.12999725341797,128.52000427246094,124.54000091552734,126.94000244140625,125.83497619628906,25447100,0.0,0.0
2023-01-06,128.97000122070312,130.3300018310547,126.04000091552734,130.02000427246094,128.88815307617188,27584500,0.0,0.0
2023-01-09,131.16000366210938,132.9499969482422,129.27999877929688,129.47000122070312,128.3429412841797,26649100,0.0,0.0
2023-01-10,127.2699966430664,133.44000244140625,127.1500015258789,132.99000549316406,131.83229064941406,28684400,0.0,0.0
2023-01-11,130.9600067138672,133.85000610351562,130.33999633789062,132.88999938964844,131.73318481445312,25423000,0.0,0.0
2023-01-12,133.44000244140625,137.67999267578125,131.75999450683594,136.7100067138672,135.51992797851562,30757700,0.0,0.0
2023-01-13,134.97000122070312,137.38999938964844,134.83999633789062,136.97999572753906,135.78758239746094,22423800,0.0,0.0
2023-01-17,136.17999267578125,136.75,134.25,135.36000061035156,134.18167114257812,21147600,0.0,0.0
2023-01-18,135.80999755859375,137.25,132.8000030517578,133.02000427246094,131.86204528808594,20215500,0.0,0.0
2023-01-19,132.49000549316406,137.4499969482422,132.13999938964844,136.14999389648438,134.96481323242188,28625200,0.0,0.0
2023-01-20,135.88999938964844,139.94000244140625,134.61000061035156,139.3699951171875,138.15676879882812,28688600,0.0,0.0
2023-01-23,139.2899932861328,143.75999450683594,138.66000366210938,143.27000427246094,142.0228271484375,27470100,0.0,0.0
2023-01-24,141.69000244140625,145.0,141.36000061035156,143.13999938964844,141.8939666748047,21970200,0.0,0.0
2023-01-25,141.22000122070312,143.1699981689453,140.30999755859375,141.5,140.26821899414062,26622000,0.0,0.0
2023-01-26,144.39999389648438,147.50999450683594,143.3000030517578,147.3000030517578,146.01771545410156,25482100,0.0,0.0
2023-01-27,148.24000549316406,153.19000244140625,147.38999938964844,151.74000549316406,150.41909790039062,35771900,0.0,0.0
2023-01-30,149.41000366210938,151.1199951171875,146.9499969482422,147.05999755859375,145.77980041503906,28040100,0.0,0.0
2023-01-31,147.9499969482422,149.8800048828125,147.52000427246094,148.97000122070312,147.67320251464844,29842100,0.0,0.0
2023-02-01,148.02999877929688,153.5800018310547,147.05999755859375,153.1199951171875,151.78707885742188,55661000,0.0,0.0
2023-02-02,183.3800048828125,197.16000366210938,180.16000366210938,188.77000427246094,187.126708984375,150475700,0.0,0.0
2023-02-03,183.47000122070312,196.77000427246094,182.88999938964844,186.52999877929688,184.90623474121094,76809700,0.0,0.0
2023-02-06,186.52999877929688,190.6999969482422,185.52000427246094,186.05999755859375,184.4403076171875,42483800,0.0,0.0
2023-02-07,185.5800018310547,193.77999877929688,184.39999389648438,191.6199951171875,189.95193481445312,47080700,0.0,0.0
2023-02-08,190.0,190.8300018310547,182.9199981689453,183.42999267578125,181.8332061767578,36139100,0.0,0.0
2023-02-09,186.1300048828125,186.64999389648438,177.27000427246094,177.9199981689453,176.37118530273438,37118800,0.0,0.0
2023-02-10,176.35000610351562,178.88999938964844,173.35000610351562,174.14999389648438,172.6339874267578,33433600,0.0,0.0
2023-02-13,178.22000122070312,181.0,175.82000732421875,179.42999267578125,177.8680419921875,31463200,0.0,0.0
2023-02-14,177.16000366210938,181.50999450683594,175.8800048828125,179.47999572753906,177.91761779785156,24034600,0.0,0.0
2023-02-15,176.4199981689453,178.19000244140625,175.3300018310547,177.16000366210938,175.61781311035156,25308900,0.0,0.0
2023-02-16,172.75,175.85000610351562,171.7899932861328,172.44000244140625,170.9388885498047,25827500,0.0,0.0
2023-02-17,170.22000122070312,173.17999267578125,169.6999969482422,172.8800048828125,171.3750457763672,24171300,0.0,0.0
2023-02-21,174.30999755859375,178.1699981689453,171.8800048828125,172.0800018310547,170.58200073242188,34592600,0.0,0.0
2023-02-22,171.07000732421875,172.75999450683594,169.69000244140625,171.1199951171875,169.63040161132812,22433200,0.0,0.0
2023-02-23,172.0,173.69000244140625,169.3800048828125,172.0399932861328,170.54234313964844,20017800,0.0,0.0
2023-02-24,168.63999938964844,170.72000122070312,167.66000366210938,170.38999938964844,168.90675354003906,19791300,0.0,0.0
2023-02-27,171.8800048828125,173.1199951171875,169.05999755859375,169.5399932861328,168.06411743164062,19277000,0.0,0.0
2023-02-28,171.89999389648438,177.5500030517578,171.8699951171875,174.94000244140625,173.4171142578125,46051100,0.0,0.0
2023-03-01,174.58999633789062,177.85000610351562,173.0500030517578,173.4199981689453,171.9103546142578,30998400,0.0,0.0
2023-03-02,172.3800048828125,175.00999450683594,171.42999267578125,174.52999877929688,173.0106658935547,17352000,0.0,0.0
2023-03-03,178.9199981689453,186.6199951171875,177.0500030517578,185.25,183.63735961914062,45877700,0.0,0.0
2023-03-06,188.0,189.66000366210938,184.63999938964844,184.89999389648438,183.29042053222656,33209400,0.0,0.0
2023-03-07,189.0,190.36000061035156,184.00999450683594,184.50999450683594,182.90380859375,36701500,0.0,0.0
2023-03-08,182.8699951171875,185.25999450683594,181.33999633789062,184.97000122070312,183.35980224609375,19432400,0.0,0.0
2023-03-09,186.35000610351562,188.92999267578125,180.3000030517578,181.69000244140625,180.10836791992188,26582800,0.0,0.0
2023-03-10,181.00999450683594,184.77000427246094,178.8000030517578,179.50999450683594,177.9473419189453,25665000,0.0,0.0
2023-03-13,177.9600067138672,183.77999877929688,174.82000732421875,180.89999389648438,179.32522583007812,24728000,0.0,0.0
2023-03-14,187.5800018310547,194.32000732421875,186.55999755859375,194.02000427246094,192.33103942871094,41642600,0.0,0.0
2023-03-15,192.9499969482422,197.77999877929688,190.83999633789062,197.75,196.02853393554688,42123600,0.0,0.0
2023-03-16,198.25999450683594,205.75999450683594,196.08999633789062,204.92999267578125,203.14602661132812,50447100,0.0,0.0
2023-03-17,200.55999755859375,201.89999389648438,195.42999267578125,195.61000061035156,193.90719604492188,50141100,0.0,0.0
2023-03-20,198.47999572753906,199.36000061035156,193.63999938964844,197.80999755859375,196.08804321289062,25186300,0.0,0.0
2023-03-21,203.1999969482422,203.5500030517578,197.9499969482422,202.16000366210938,200.40017700195312,31827000,0.0,0.0
2023-03-22,202.5,207.3699951171875,199.6699981689453,199.80999755859375,198.07061767578125,28477800,0.0,0.0
2023-03-23,202.83999633789062,207.8800048828125,202.14999389648438,204.27999877929688,202.501708984375,27389700,0.0,0.0
2023-03-24,205.17999267578125,207.5800018310547,203.5500030517578,206.00999450683594,204.21665954589844,27716400,0.0,0.0
2023-03-27,204.80999755859375,205.86000061035156,201.36000061035156,202.83999633789062,201.07424926757812,18527200,0.0,0.0
2023-03-28,200.14999389648438,201.02999877929688,197.89999389648438,200.67999267578125,198.9330291748047,19127300,0.0,0.0
2023-03-29,203.55999755859375,205.72000122070312,202.5399932861328,205.35000610351562,203.56239318847656,18851100,0.0,0.0
2023-03-30,203.3800048828125,208.08999633789062,202.82000732421875,207.83999633789062,206.0307159423828,22608300,0.0,0.0
2023-03-31,207.24000549316406,212.1699981689453,206.77000427246094,211.94000244140625,210.09503173828125,25440300,0.0,0.0
2023-04-03,208.83999633789062,213.49000549316406,208.1999969482422,213.07000732421875,211.21519470214844,17924600,0.0,0.0
2023-04-04,213.38999938964844,216.24000549316406,212.5399932861328,214.72000122070312,212.8508758544922,21026400,0.0,0.0
2023-04-05,214.14999389648438,215.19000244140625,209.94000244140625,211.47999572753906,209.6390380859375,19396600,0.0,0.0
2023-04-06,209.25,216.94000244140625,208.64999389648438,216.10000610351562,214.21881103515625,26104400,0.0,0.0
2023-04-10,214.7100067138672,215.66000366210938,210.66000366210938,214.75,212.8805694580078,16106100,0.0,0.0
2023-04-11,215.47999572753906,216.02000427246094,213.41000366210938,213.85000610351562,211.98841857910156,16710100,0.0,0.0
2023-04-12,214.83999633789062,216.83999633789062,212.5800018310547,214.0,212.1370849609375,18972200,0.0,0.0
2023-04-13,215.72999572753906,221.14999389648438,215.69000244140625,220.35000610351562,218.43182373046875,23310400,0.0,0.0
2023-04-14,217.8800048828125,222.11000061035156,217.5500030517578,221.49000549316406,219.56192016601562,21591200,0.0,0.0
2023-04-17,219.7899932861328,220.97999572753906,217.1300048828125,218.86000061035156,216.9547882080078,15481900,0.0,0.0
2023-04-18,219.91000366210938,220.44000244140625,216.2100067138672,217.88999938964844,215.9932098388672,12281000,0.0,0.0
2023-04-19,213.47000122070312,217.3300018310547,212.92999267578125,215.6999969482422,213.82232666015625,15898100,0.0,0.0
2023-04-20,213.47999572753906,216.75,212.77000427246094,213.07000732421875,211.21519470214844,16475400,0.0,0.0
2023-04-21,210.2100067138672,213.41000366210938,209.5800018310547,212.88999938964844,211.0367431640625,17717200,0.0,0.0
2023-04-24,213.67999267578125,213.9199981689453,210.7100067138672,212.7899932861328,210.9376220703125,15750900,0.0,0.0
2023-04-25,210.82000732421875,211.25999450683594,207.1300048828125,207.5500030517578,205.74325561523438,19198200,0.0,0.0
2023-04-26,212.5,214.11000061035156,208.8800048828125,209.39999389648438,207.5771484375,41992700,0.0,0.0
2023-04-27,239.88999938964844,241.69000244140625,236.77000427246094,238.55999755859375,236.4833221435547,71196500,0.0,0.0
2023-04-28,239.00999450683594,240.42999267578125,235.75,240.32000732421875,238.22799682617188,39554000,0.0,0.0
2023-05-01,238.6199951171875,244.0,236.4600067138672,243.17999267578125,241.0630645751953,29143900,0.0,0.0
2023-05-02,243.17999267578125,244.9199981689453,238.99000549316406,239.24000549316406,237.15736389160156,24350100,0.0,0.0
2023-05-03,239.47000122070312,241.75,232.75,237.02999877929688,234.9666290283203,34463900,0.0,0.0
2023-05-04,236.05999755859375,238.1999969482422,232.92999267578125,233.52000427246094,231.48719787597656,17889400,0.0,0.0
2023-05-05,232.24000549316406,234.67999267578125,229.85000610351562,232.77999877929688,230.75363159179688,27000500,0.0,0.0
2023-05-08,231.4199981689453,235.6199951171875,230.27000427246094,233.27000427246094,231.2393341064453,16400500,0.0,0.0
2023-05-09,231.4600067138672,235.8800048828125,231.0800018310547,233.3699951171875,231.3385009765625,16865600,0.0,0.0
2023-05-10,236.1699981689453,236.75,230.72000122070312,233.0800018310547,231.05099487304688,19119000,0.0,0.0
2023-05-11,233.0500030517578,238.2100067138672,232.3000030517578,235.7899932861328,233.73739624023438,20449000,0.0,0.0
2023-05-12,236.74000549316406,236.9600067138672,231.4499969482422,233.80999755859375,231.77462768554688,16161400,0.0,0.0
2023-05-15,236.9199981689453,240.25999450683594,235.3300018310547,238.86000061035156,236.78067016601562,20653200,0.0,0.0
2023-05-16,235.7899932861328,239.63999938964844,235.52000427246094,238.82000732421875,236.74105834960938,18163800,0.0,0.0
2023-05-17,238.4499969482422,243.83999633789062,238.13999938964844,242.49000549316406,240.3791046142578,21193100,0.0,0.0
2023-05-18,241.3000030517578,247.08999633789062,241.19000244140625,246.85000610351562,244.701171875,22943300,0.0,0.0
2023-05-19,247.47000122070312,248.69000244140625,243.41000366210938,245.63999938964844,243.5016632080078,21733600,0.0,0.0
2023-05-22,245.41000366210938,253.57000732421875,245.1199951171875,248.32000732421875,246.1583709716797,27738500,0.0,0.0
2023-05-23,246.80999755859375,251.61000061035156,246.64999389648438,246.74000549316406,244.59210205078125,17748100,0.0,0.0
2023-05-24,245.27999877929688,249.58999633789062,244.9499969482422,249.2100067138672,247.0406036376953,17724300,0.0,0.0
2023-05-25,253.39999389648438,255.6199951171875,249.1699981689453,252.69000244140625,250.4902801513672,22371400,0.0,0.0
2023-05-26,252.92999267578125,262.30999755859375,252.7100067138672,262.0400085449219,259.7588806152344,25727200,0.0,0.0
2023-05-30,265.25,268.6499938964844,261.2900085449219,262.5199890136719,260.2347106933594,23816500,0.0,0.0
2023-05-31,260.0,265.0,258.45001220703125,264.7200012207031,262.41558837890625,25473700,0.0,0.0
2023-06-01,265.8999938964844,274.0,265.8900146484375,272.6099853515625,270.23687744140625,25609500,0.0,0.0
2023-06-02,272.6600036621094,275.3500061035156,271.1199951171875,272.6099853515625,270.23687744140625,19416900,0.0,0.0
2023-06-05,270.29998779296875,275.57000732421875,269.55999755859375,271.3900146484375,269.0275573730469,20742900,0.0,0.0
2023-06-06,270.1400146484375,276.57000732421875,269.69000244140625,271.1199951171875,268.7599182128906,19419000,0.0,0.0
2023-06-07,271.6700134277344,274.25,262.79998779296875,263.6000061035156,261.3053283691406,26163600,0.0,0.0
2023-06-08,260.6199951171875,267.6499938964844,258.8800048828125,264.5799865722656,262.2767639160156,20899400,0.0,0.0
2023-06-09,262.4800109863281,267.95001220703125,261.70001220703125,264.95001220703125,262.6435852050781,16949800,0.0,0.0
2023-06-12,267.1700134277344,271.75,265.3299865722656,271.04998779296875,268.69049072265625,15442500,0.0,0.0
2023-06-13,274.8800048828125,275.7200012207031,269.0899963378906,271.32000732421875,268.9581298828125,16164000,0.0,0.0
2023-06-14,271.8900146484375,274.989990234375,268.32000732421875,273.3500061035156,270.970458984375,19175100,0.0,0.0
2023-06-15,272.29998779296875,283.989990234375,271.4200134277344,281.8299865722656,279.3766784667969,25973500,0.0,0.0
2023-06-16,284.75,287.8500061035156,280.1300048828125,281.0,278.5538330078125,43127700,0.0,0.0
2023-06-20,278.7300109863281,284.79998779296875,276.2200012207031,284.3299865722656,281.8548583984375,20701600,0.0,0.0
2023-06-21,283.5299987792969,284.0,278.3599853515625,281.6400146484375,279.1883544921875,20556200,0.0,0.0
2023-06-22,279.0799865722656,285.260009765625,277.7900085449219,284.8800048828125,282.4001159667969,17563100,0.0,0.0
2023-06-23,281.510009765625,289.6700134277344,278.95001220703125,288.7300109863281,286.216552734375,51092000,0.0,0.0
2023-06-26,288.70001220703125,289.7900085449219,277.6000061035156,278.4700012207031,276.04583740234375,24232700,0.0,0.0
2023-06-27,282.010009765625,289.3500061035156,280.6499938964844,287.04998779296875,284.5511779785156,26108300,0.0,0.0
2023-06-28,284.82000732421875,289.54998779296875,284.05999755859375,285.2900085449219,282.8065490722656,16722100,0.0,0.0
2023-06-29,284.5,286.57000732421875,280.69000244140625,281.5299987792969,279.0792541503906,15395700,0.0,0.0
2023-06-30,284.760009765625,289.04998779296875,284.4200134277344,286.9800109863281,284.4818420410156,19694900,0.0,0.0
2023-07-03,286.70001220703125,289.3999938964844,284.8500061035156,286.0199890136719,283.5301513671875,8629300,0.0,0.0
2023-07-05,287.6499938964844,298.1199951171875,286.3599853515625,294.3699951171875,291.8074951171875,33865500,0.0,0.0
2023-07-06,295.8900146484375,298.1199951171875,291.30999755859375,291.989990234375,289.4481506347656,47600500,0.0,0.0
2023-07-07,292.17999267578125,296.20001220703125,288.6600036621094,290.5299987792969,288.0008850097656,25586000,0.0,0.0
2023-07-10,295.54998779296875,298.1300048828125,287.04998779296875,294.1000061035156,291.53985595703125,37058300,0.0,0.0
2023-07-11,293.8999938964844,300.17999267578125,291.8999938964844,298.2900085449219,295.6933898925781,27585900,0.0,0.0
2023-07-12,301.75,309.45001220703125,300.1000061035156,309.3399963378906,306.64715576171875,36677100,0.0,0.0
2023-07-13,313.6199951171875,316.239990234375,310.2900085449219,313.4100036621094,310.68170166015625,30281000,0.0,0.0
2023-07-14,311.7900085449219,314.8800048828125,307.3599853515625,308.8699951171875,306.1812744140625,23054100,0.0,0.0
2023-07-17,307.5400085449219,311.7099914550781,304.7099914550781,310.6199951171875,307.9159851074219,25323100,0.0,0.0
2023-07-18,310.8800048828125,314.20001220703125,307.6199951171875,312.04998779296875,309.33355712890625,20731900,0.0,0.0
2023-07-19,313.0299987792969,318.67999267578125,310.5199890136719,316.010009765625,313.25909423828125,21763700,0.0,0.0
2023-07-20,313.5,315.5400085449219,302.2200012207031,302.5199890136719,299.88653564453125,23836900,0.0,0.0
2023-07-21,304.57000732421875,305.4599914550781,291.20001220703125,294.260009765625,291.6984558105469,42139300,0.0,0.0
2023-07-24,295.7799987792969,297.5199890136719,288.29998779296875,291.6099853515625,289.0715026855469,24915700,0.0,0.0
2023-07-25,295.19000244140625,298.29998779296875,291.8599853515625,294.4700012207031,291.9065856933594,19585600,0.0,0.0
2023-07-26,301.19000244140625,301.7699890136719,291.8999938964844,298.57000732421875,295.9709167480469,47256900,0.0,0.0
2023-07-27,325.1199951171875,325.3500061035156,309.8399963378906,311.7099914550781,308.99652099609375,64229200,0.0,0.0
2023-07-28,316.8800048828125,326.20001220703125,314.25,325.4800109863281,322.64666748046875,39220300,0.0,0.0
2023-07-31,323.69000244140625,325.6600036621094,317.5899963378906,318.6000061035156,315.8265686035156,25799600,0.0,0.0
2023-08-01,317.5400085449219,324.1400146484375,314.6600036621094,322.7099914550781,319.9007873535156,22817900,0.0,0.0
2023-08-02,318.0,318.3900146484375,310.6499938964844,314.30999755859375,311.5738830566406,20461100,0.0,0.0
2023-08-03,309.92999267578125,315.95001220703125,309.92999267578125,313.19000244140625,310.46368408203125,15180200,0.0,0.0
2023-08-04,314.9599914550781,318.4100036621094,310.20001220703125,310.7300109863281,308.0251159667969,17612800,0.0,0.0
2023-08-07,313.2300109863281,317.07000732421875,310.4599914550781,316.55999755859375,313.8043518066406,16236500,0.0,0.0
2023-08-08,314.3999938964844,317.8900146484375,310.1099853515625,312.6400146484375,309.91845703125,15183500,0.0,0.0
2023-08-09,312.8800048828125,313.6300048828125,302.8500061035156,305.2099914550781,302.5531311035156,19955800,0.0,0.0
2023-08-10,307.94000244140625,312.3399963378906,303.8699951171875,305.739990234375,303.0784606933594,14358900,0.0,0.0
2023-08-11,302.57000732421875,304.7200012207031,300.3599853515625,301.6400146484375,299.01422119140625,14046300,0.0,0.0
2023-08-14,300.9800109863281,306.2099914550781,298.25,306.19000244140625,303.52459716796875,15641900,0.0,0.0
2023-08-15,306.1400146484375,307.2300109863281,300.0299987792969,301.95001220703125,299.32147216796875,11623600,0.0,0.0
2023-08-16,300.20001220703125,301.0799865722656,294.2799987792969,294.2900085449219,291.7281799316406,18547700,0.0,0.0
2023-08-17,293.04998779296875,296.04998779296875,284.95001220703125,285.0899963378906,282.6082458496094,23950100,0.0,0.0
2023-08-18,279.0299987792969,285.69000244140625,274.3800048828125,283.25,280.7842712402344,35347900,0.0,0.0
2023-08-21,283.45001220703125,290.5,281.8500061035156,289.8999938964844,287.3763427734375,20181500,0.0,0.0
2023-08-22,292.54998779296875,292.8999938964844,286.75,287.6000061035156,285.09637451171875,12980200,0.0,0.0
2023-08-23,288.5,297.3999938964844,287.6700134277344,294.239990234375,291.6785888671875,18287000,0.0,0.0
2023-08-24,298.5,299.4599914550781,286.6400146484375,286.75,284.2538146972656,18360900,0.0,0.0
2023-08-25,286.1300048828125,288.3900146484375,276.0299987792969,285.5,283.0146484375,23701400,0.0,0.0
2023-08-28,288.0,291.45001220703125,285.79998779296875,290.260009765625,287.7332458496094,14239300,0.0,0.0
2023-08-29,288.5799865722656,299.1499938964844,288.17999267578125,297.989990234375,295.3959655761719,20844500,0.0,0.0
2023-08-30,297.1700134277344,298.2900085449219,293.42999267578125,295.1000061035156,292.5310974121094,17717000,0.0,0.0
2023-08-31,295.79998779296875,301.1000061035156,295.6600036621094,295.8900146484375,293.31427001953125,17229900,0.0,0.0
2023-09-01,299.3699951171875,301.739990234375,294.4700012207031,296.3800048828125,293.7999572753906,12842300,0.0,0.0
2023-09-05,297.0199890136719,301.3900146484375,295.510009765625,300.1499938964844,297.537109375,14956000,0.0,0.0
2023-09-06,301.7099914550781,303.29998779296875,295.6600036621094,299.1700134277344,296.565673828125,15418100,0.0,0.0
2023-09-07,298.0,307.04998779296875,292.2200012207031,298.6700134277344,296.070068359375,33748700,0.0,0.0
2023-09-08,299.2200012207031,305.25,296.7799987792969,297.8900146484375,295.29681396484375,17548000,0.0,0.0
2023-09-11,301.4100036621094,309.0400085449219,301.2799987792969,307.55999755859375,304.8826599121094,19489300,0.0,0.0
2023-09-12,306.3299865722656,308.6600036621094,300.2300109863281,301.6600036621094,299.0340270996094,13480400,0.0,0.0
2023-09-13,302.3599853515625,307.17999267578125,301.32000732421875,305.05999755859375,302.4044494628906,13210900,0.0,0.0
2023-09-14,306.739990234375,312.8699951171875,305.0299987792969,311.7200012207031,309.0064697265625,19343100,0.0,0.0
2023-09-15,311.6099853515625,312.0,298.75,300.30999755859375,297.69573974609375,28131100,0.0,0.0
2023-09-18,298.19000244140625,303.6000061035156,297.79998779296875,302.54998779296875,299.9163513183594,14234200,0.0,0.0
2023-09-19,302.4800109863281,306.1700134277344,299.80999755859375,305.07000732421875,302.4142761230469,15924400,0.0,0.0
2023-09-20,305.04998779296875,308.05999755859375,299.42999267578125,299.6700134277344,297.0613098144531,19379500,0.0,0.0
2023-09-21,295.70001220703125,300.260009765625,293.2699890136719,295.7300109863281,293.1556701660156,21319600,0.0,0.0
2023-09-22,299.29998779296875,305.3800048828125,298.2699890136719,299.0799865722656,296.4764709472656,25369600,0.0,0.0
2023-09-25,295.6400146484375,300.95001220703125,293.70001220703125,300.8299865722656,298.2112121582031,18987000,0.0,0.0
2023-09-26,297.6600036621094,300.29998779296875,296.010009765625,298.9599914550781,296.35748291015625,19417200,0.0,0.0
2023-09-27,300.45001220703125,301.29998779296875,286.7900085449219,297.739990234375,295.14813232421875,36429800,0.0,0.0
2023-09-28,298.94000244140625,306.3299865722656,296.70001220703125,303.9599914550781,301.31396484375,22167100,0.0,0.0
2023-09-29,307.3800048828125,310.6400146484375,299.3599853515625,300.2099914550781,297.59661865234375,25373700,0.0,0.0
2023-10-02,302.739990234375,307.17999267578125,301.6300048828125,306.82000732421875,304.1490783691406,16265600,0.0,0.0
2023-10-03,304.260009765625,306.7699890136719,299.6400146484375,300.94000244140625,298.32025146484375,17362300,0.0,0.0
2023-10-04,298.7300109863281,306.8999938964844,298.5,305.5799865722656,302.91986083984375,16880500,0.0,0.0
2023-10-05,304.6300048828125,306.2099914550781,299.5,304.7900085449219,302.13677978515625,19130000,0.0,0.0
2023-10-06,301.44000244140625,316.30999755859375,300.9100036621094,315.42999267578125,312.6841125488281,21803900,0.0,0.0
2023-10-09,312.5,320.3299865722656,311.82000732421875,318.3599853515625,315.5885925292969,22503700,0.0,0.0
2023-10-10,319.1199951171875,324.6600036621094,318.1600036621094,321.8399963378906,319.038330078125,19038000,0.0,0.0
2023-10-11,323.010009765625,328.8399963378906,322.95001220703125,327.82000732421875,324.96630859375,22036300,0.0,0.0
2023-10-12,328.0,330.5400085449219,322.69000244140625,324.1600036621094,321.338134765625,20530500,0.0,0.0
2023-10-13,323.5299987792969,325.04998779296875,312.3699951171875,314.69000244140625,311.9505920410156,21341000,0.0,0.0
2023-10-16,318.6400146484375,321.82000732421875,315.5199890136719,321.1499938964844,318.3543701171875,16536100,0.0,0.0
2023-10-17,318.17999267578125,324.3999938964844,317.29998779296875,324.0,321.1795349121094,16387800,0.0,0.0
2023-10-18,321.3900146484375,325.94000244140625,315.55999755859375,316.9700012207031,314.2107238769531,16851000,0.0,0.0
2023-10-19,319.8800048828125,321.8900146484375,311.75,312.80999755859375,310.0869445800781,18709200,0.0,0.0
2023-10-20,314.1400146484375,315.29998779296875,306.4700012207031,308.6499938964844,305.9631652832031,22312300,0.0,0.0
2023-10-23,309.5,317.3599853515625,307.260009765625,314.010009765625,311.2765197753906,17796800,0.0,0.0
2023-10-24,316.7799987792969,318.3500061035156,310.6300048828125,312.54998779296875,309.8292236328125,19525500,0.0,0.0
2023-10-25,310.0,310.8800048828125,298.8399963378906,299.5299987792969,296.92254638671875,42192500,0.0,0.0
2023-10-26,295.0,295.0,279.3999938964844,288.3500061035156,285.8398132324219,66684100,0.0,0.0
2023-10-27,294.4800109863281,299.30999755859375,292.9700012207031,296.7300109863281,294.14697265625,29596300,0.0,0.0
2023-10-30,299.0899963378906,309.3999938964844,299.04998779296875,302.6600036621094,300.02532958984375,28435100,0.0,0.0
2023-10-31,303.30999755859375,303.67999267578125,296.8599853515625,301.2699890136719,298.64739990234375,19434200,0.0,0.0
2023-11-01,301.8500061035156,312.739990234375,301.8500061035156,311.8500061035156,309.13531494140625,20434600,0.0,0.0
2023-11-02,317.29998779296875,318.82000732421875,308.3299865722656,310.8699951171875,308.1638488769531,21631800,0.0,0.0
2023-11-03,312.54998779296875,315.54998779296875,311.0199890136719,314.6000061035156,311.8613586425781,16764300,0.0,0.0
2023-11-06,315.9800109863281,318.3299865722656,314.45001220703125,315.79998779296875,313.0509338378906,12887700,0.0,0.0
2023-11-07,317.05999755859375,321.0,315.1199951171875,318.82000732421875,316.04461669921875,14055600,0.0,0.0
2023-11-08,318.1400146484375,321.3299865722656,314.8800048828125,319.7799987792969,316.99627685546875,13609700,0.0,0.0
2023-11-09,319.4200134277344,324.17999267578125,318.79998779296875,320.54998779296875,317.7595520019531,16103100,0.0,0.0
2023-11-10,319.94000244140625,329.1000061035156,319.4599914550781,328.7699890136719,325.9079895019531,19096200,0.0,0.0
2023-11-13,326.20001220703125,332.3299865722656,325.70001220703125,329.19000244140625,326.32440185546875,16908900,0.0,0.0
2023-11-14,334.5400085449219,338.1000061035156,333.3299865722656,336.30999755859375,333.38238525390625,17179400,0.0,0.0
2023-11-15,337.92999267578125,338.3999938964844,330.0199890136719,332.7099914550781,329.8136901855469,14531200,0.0,0.0
2023-11-16,329.3699951171875,334.5799865722656,326.3800048828125,334.19000244140625,331.28082275390625,18932600,0.0,0.0
2023-11-17,330.260009765625,335.5,329.3500061035156,335.0400085449219,332.1234436035156,14494400,0.0,0.0
2023-11-20,334.8900146484375,341.8699951171875,334.19000244140625,339.9700012207031,337.010498046875,16960500,0.0,0.0
2023-11-21,338.3299865722656,339.8999938964844,335.8999938964844,336.9800109863281,334.0465393066406,12027900,0.0,0.0
2023-11-22,339.2099914550781,342.9200134277344,338.5799865722656,341.489990234375,338.51727294921875,10702700,0.0,0.0
2023-11-24,340.1300048828125,341.8599853515625,336.7699890136719,338.2300109863281,335.28570556640625,5467500,0.0,0.0
2023-11-27,336.17999267578125,339.8999938964844,334.20001220703125,334.70001220703125,331.786376953125,15684500,0.0,0.0
2023-11-28,333.3999938964844,339.3800048828125,333.3999938964844,338.989990234375,336.0390319824219,12637200,0.0,0.0
2023-11-29,339.69000244140625,339.8999938964844,330.7799987792969,332.20001220703125,329.30816650390625,16024500,0.0,0.0
2023-11-30,331.8900146484375,333.5,322.3999938964844,327.1499938964844,324.3021545410156,23146400,0.0,0.0
2023-12-01,325.4800109863281,326.8599853515625,320.760009765625,324.82000732421875,321.992431640625,15276400,0.0,0.0
2023-12-04,317.2900085449219,320.8599853515625,313.6600036621094,320.0199890136719,317.23419189453125,19037100,0.0,0.0
2023-12-05,318.9800109863281,321.8800048828125,315.3900146484375,318.2900085449219,315.519287109375,16952100,0.0,0.0
2023-12-06,321.92999267578125,322.25,317.0400085449219,317.45001220703125,314.6865539550781,11294300,0.0,0.0
2023-12-07,317.7699890136719,328.239990234375,317.7699890136719,326.5899963378906,323.74700927734375,15905100,0.0,0.0
2023-12-08,323.0899963378906,333.1700134277344,323.0,332.75,329.8533935546875,14087400,0.0,0.0
2023-12-11,329.3999938964844,329.8900146484375,320.0,325.2799987792969,322.4483947753906,25802500,0.0,0.0
2023-12-12,324.6000061035156,334.4700012207031,324.55999755859375,334.2200012207031,331.310546875,18485500,0.0,0.0
2023-12-13,333.92999267578125,338.3699951171875,332.6400146484375,334.739990234375,331.8260498046875,16353300,0.0,0.0
2023-12-14,333.8500061035156,334.70001220703125,328.6400146484375,333.1700134277344,330.26971435546875,19607300,0.0,0.0
2023-12-15,331.989990234375,338.6600036621094,331.2200012207031,334.9200134277344,332.0045166015625,31776900,0.0,0.0
2023-12-18,337.4800109863281,347.55999755859375,337.0199890136719,344.6199951171875,341.62005615234375,18993900,0.0,0.0
2023-12-19,345.5799865722656,353.6000061035156,345.1199951171875,350.3599853515625,347.31005859375,17729400,0.0,0.0
2023-12-20,348.6499938964844,354.9599914550781,347.7900085449219,349.2799987792969,346.239501953125,16369900,0.0,0.0
2023-12-21,352.9800109863281,356.4100036621094,349.2099914550781,354.0899963378906,351.0075988769531,15289600,0.0,0.0
2023-12-22,355.5799865722656,357.20001220703125,351.2200012207031,353.3900146484375,350.313720703125,11772800,0.0,0.0
2023-12-26,354.989990234375,356.9800109863281,353.45001220703125,354.8299865722656,351.74114990234375,9898600,0.0,0.0
2023-12-27,356.07000732421875,359.0,355.30999755859375,357.8299865722656,354.7149963378906,13207900,0.0,0.0
2023-12-28,359.70001220703125,361.8999938964844,357.80999755859375,358.32000732421875,355.2008361816406,11798800,0.0,0.0
2023-12-29,358.989990234375,360.0,351.82000732421875,353.9599914550781,350.8787841796875,14987100,0.0,0.0
2024-01-02,351.32000732421875,353.1600036621094,340.010009765625,346.2900085449219,343.2755432128906,19042200,0.0,0.0
2024-01-03,344.9800109863281,347.95001220703125,343.17999267578125,344.4700012207031,341.4713439941406,15451100,0.0,0.0
2024-01-04,344.5,348.1499938964844,343.3999938964844,347.1199951171875,344.0982971191406,12099900,0.0,0.0
2024-01-05,346.989990234375,353.5,346.260009765625,351.95001220703125,348.8861999511719,13920700,0.0,0.0
2024-01-08,354.70001220703125,358.9800109863281,352.04998779296875,358.6600036621094,355.537841796875,13890200,0.0,0.0
2024-01-09,356.3999938964844,360.6400146484375,355.3599853515625,357.42999267578125,354.3184814453125,13463900,0.0,0.0
2024-01-10,360.1700134277344,372.94000244140625,359.0799865722656,370.4700012207031,367.2449951171875,22117200,0.0,0.0
2024-01-11,372.1300048828125,372.7799987792969,362.92999267578125,369.6700134277344,366.4519958496094,17205400,0.0,0.0
2024-01-12,370.1600036621094,377.05999755859375,369.5400085449219,374.489990234375,371.2300109863281,19310000,0.0,0.0
2024-01-16,373.6499938964844,375.6099853515625,367.2300109863281,367.4599914550781,364.2611999511719,15306900,0.0,0.0
2024-01-17,366.29998779296875,368.5400085449219,358.6099853515625,368.3699951171875,365.16326904296875,12724800,0.0,0.0
2024-01-18,371.489990234375,376.8500061035156,370.95001220703125,376.1300048828125,372.85577392578125,16354300,0.0,0.0
2024-01-19,379.0,384.3599853515625,377.9700012207031,383.45001220703125,380.1120300292969,21670800,0.0,0.0
2024-01-22,387.95001220703125,390.3500061035156,381.1600036621094,381.7799987792969,378.45654296875,17680500,0.0,0.0
2024-01-23,384.6199951171875,388.3800048828125,382.0799865722656,385.20001220703125,381.8468017578125,15506100,0.0,0.0
2024-01-24,390.0,396.1499938964844,387.80999755859375,390.70001220703125,387.2989196777344,15698500,0.0,0.0
2024-01-25,390.1700134277344,395.489990234375,385.6600036621094,393.17999267578125,389.75726318359375,15091100,0.0,0.0
2024-01-26,394.3500061035156,396.7900085449219,391.5899963378906,394.1400146484375,390.7089538574219,13163700,0.0,0.0
2024-01-29,394.989990234375,402.92999267578125,393.1000061035156,401.0199890136719,397.5290832519531,18742400,0.0,0.0
2024-01-30,403.5899963378906,406.3599853515625,399.57000732421875,400.05999755859375,396.5774230957031,18614700,0.0,0.0
2024-01-31,389.0,398.0,387.1000061035156,390.1400146484375,386.7437744140625,20180800,0.0,0.0
2024-02-01,393.94000244140625,400.5,393.04998779296875,394.7799987792969,391.3433837890625,29727100,0.0,0.0
2024-02-02,459.6000061035156,485.9599914550781,453.010009765625,474.989990234375,470.8551025390625,84707600,0.0,0.0
2024-02-05,469.8800048828125,471.8999938964844,459.2200012207031,459.4100036621094,455.4107666015625,40832400,0.0,0.0
2024-02-06,464.0,467.1199951171875,453.0,454.7200012207031,450.7616271972656,21655200,0.0,0.0
2024-02-07,458.0,471.5199890136719,456.17999267578125,469.5899963378906,465.5021057128906,23066000,0.0,0.0
2024-02-08,468.32000732421875,470.5899963378906,465.0299987792969,470.0,465.9085998535156,18815100,0.0,0.0
2024-02-09,472.95001220703125,473.5899963378906,467.4700012207031,468.1099853515625,464.0350036621094,18413100,0.0,0.0
2024-02-12,468.19000244140625,479.1499938964844,466.5799865722656,468.8999938964844,464.8181457519531,19382000,0.0,0.0
2024-02-13,456.8699951171875,467.8900146484375,455.0899963378906,460.1199951171875,456.11456298828125,20916600,0.0,0.0
2024-02-14,467.92999267578125,474.1099853515625,466.0899963378906,473.2799987792969,469.1600646972656,16858400,0.0,0.0
2024-02-15,475.2799987792969,488.6199951171875,472.2200012207031,484.0299987792969,479.8164367675781,24212300,0.0,0.0
2024-02-16,478.1099853515625,478.9599914550781,469.2099914550781,473.32000732421875,469.19964599609375,23324600,0.0,0.0
2024-02-20,469.7200012207031,476.17999267578125,466.55999755859375,471.75,467.6433410644531,18015500,0.0,0.0
2024-02-21,466.5,469.0,461.7900085449219,468.0299987792969,464.4480285644531,12921800,0.5,0.0
2024-02-22,480.239990234375,489.989990234375,476.05999755859375,486.1300048828125,482.40948486328125,21625800,0.0,0.0
2024-02-23,488.04998779296875,494.3599853515625,482.3500061035156,484.0299987792969,480.32550048828125,18374300,0.0,0.0
2024-02-26,483.4700012207031,486.1400146484375,480.6000061035156,481.739990234375,478.0530700683594,12101400,0.0,0.0
2024-02-27,479.9800109863281,487.2699890136719,479.9200134277344,487.04998779296875,483.32244873046875,10809600,0.0,0.0
2024-02-28,485.0,491.04998779296875,482.75,484.0199890136719,480.3155822753906,12715500,0.0,0.0
2024-02-29,488.44000244140625,491.70001220703125,482.6099853515625,490.1300048828125,486.37890625,17732000,0.0,0.0
2024-03-01,492.1099853515625,504.25,491.8500061035156,502.29998779296875,498.45574951171875,16273600,0.0,0.0
2024-03-04,503.0,504.4200134277344,496.4200134277344,498.19000244140625,494.3772277832031,12324100,0.0,0.0
2024-03-05,495.0,495.5799865722656,487.8900146484375,490.2200012207031,486.46820068359375,15325300,0.0,0.0
2024-03-06,497.6300048828125,502.9700012207031,494.2900085449219,496.0899963378906,492.2932434082031,11757900,0.0,0.0
2024-03-07,503.2799987792969,519.8499755859375,501.3800048828125,512.1900024414062,508.2699890136719,18586400,0.0,0.0
2024-03-08,514.1900024414062,523.5700073242188,499.3500061035156,505.95001220703125,502.07781982421875,18597100,0.0,0.0
2024-03-11,497.010009765625,497.32000732421875,476.0,483.5899963378906,479.8889465332031,20428300,0.0,0.0
2024-03-12,493.260009765625,502.30999755859375,484.7300109863281,499.75,495.92523193359375,15448200,0.0,0.0
2024-03-13,495.3900146484375,500.9800109863281,491.0299987792969,495.57000732421875,491.7772216796875,12090700,0.0,0.0
2024-03-14,500.260009765625,501.3500061035156,488.1600036621094,491.8299865722656,488.0658264160156,12620000,0.0,0.0
2024-03-15,489.010009765625,491.8299865722656,481.29998779296875,484.1000061035156,480.3950500488281,29153600,0.0,0.0
2024-03-18,491.9100036621094,497.4200134277344,486.80999755859375,496.9800109863281,493.17645263671875,11755300,0.0,0.0
2024-03-19,488.1700134277344,496.6300048828125,481.2799987792969,496.239990234375,492.4421081542969,10903100,0.0,0.0
2024-03-20,499.5,508.20001220703125,495.1700134277344,505.5199890136719,501.65106201171875,11711100,0.0,0.0
2024-03-21,514.7100219726562,515.0399780273438,506.010009765625,507.760009765625,503.87396240234375,9712500,0.0,0.0
2024-03-22,507.0,509.9700012207031,504.3399963378906,509.5799865722656,505.6799621582031,8120600,0.0,0.0
2024-03-25,505.7900085449219,507.2200012207031,500.239990234375,503.0199890136719,499.17022705078125,8380600,0.0,0.0
2024-03-26,505.1300048828125,510.0,495.2099914550781,495.8900146484375,492.09478759765625,11205400,0.0,0.0
2024-03-27,499.29998779296875,499.8900146484375,488.07000732421875,493.8599853515625,490.080322265625,9989700,0.0,0.0
2024-03-28,492.8399963378906,492.8900146484375,485.1499938964844,485.5799865722656,481.86370849609375,15212800,0.0,0.0
2024-04-01,487.20001220703125,497.42999267578125,481.7799987792969,491.3500061035156,487.58953857421875,9247000,0.0,0.0
2024-04-02,485.1000061035156,497.5299987792969,484.6499938964844,497.3699951171875,493.5634765625,11081000,0.0,0.0
2024-04-03,498.92999267578125,507.239990234375,498.75,506.739990234375,502.8617248535156,12099200,0.0,0.0
2024-04-04,516.4199829101562,530.0,510.5799865722656,510.9200134277344,507.009765625,26476300,0.0,0.0
2024-04-05,516.8599853515625,530.7000122070312,514.4099731445312,527.3400268554688,523.3041381835938,19263300,0.0,0.0
2024-04-08,529.280029296875,531.489990234375,518.8900146484375,519.25,515.2760009765625,13260600,0.0,0.0
2024-04-09,522.22998046875,525.8699951171875,506.739990234375,516.9000244140625,512.9439697265625,10863800,0.0,0.0
2024-04-10,509.2900085449219,522.5599975585938,505.79998779296875,519.8300170898438,515.8516235351562,11418500,0.0,0.0
2024-04-11,521.1099853515625,523.8599853515625,517.2899780273438,523.1599731445312,519.1561279296875,10369500,0.0,0.0
2024-04-12,517.75,520.1900024414062,509.3299865722656,511.8999938964844,507.9822692871094,11984500,0.0,0.0
2024-04-15,516.719970703125,518.530029296875,497.2799987792969,500.2300109863281,496.401611328125,13512900,0.0,0.0
2024-04-16,498.1099853515625,504.7699890136719,497.1099853515625,499.760009765625,495.9351501464844,9847900,0.0,0.0
2024-04-17,503.1000061035156,503.1600036621094,487.1400146484375,494.1700134277344,490.3879699707031,12193700,0.0,0.0
2024-04-18,499.82000732421875,512.2100219726562,499.0400085449219,501.79998779296875,497.9595642089844,14808700,0.0,0.0
2024-04-19,502.79998779296875,502.79998779296875,475.7300109863281,481.07000732421875,477.38818359375,25215400,0.0,0.0
2024-04-22,489.7200012207031,492.010009765625,473.3999938964844,481.7300109863281,478.0431823730469,17271100,0.0,0.0
2024-04-23,491.25,498.760009765625,488.9700012207031,496.1000061035156,492.3031921386719,15079200,0.0,0.0
2024-04-24,508.05999755859375,510.0,484.5799865722656,493.5,489.72308349609375,37772700,0.0,0.0
2024-04-25,421.3999938964844,445.7699890136719,414.5,441.3800048828125,438.001953125,82890700,0.0,0.0
2024-04-26,441.4599914550781,446.44000244140625,431.9599914550781,443.2900085449219,439.89739990234375,32691400,0.0,0.0
2024-04-29,439.55999755859375,439.760009765625,428.55999755859375,432.6199951171875,429.3089599609375,21502600,0.0,0.0
2024-04-30,431.04998779296875,439.6199951171875,429.7200012207031,430.1700134277344,426.87774658203125,18429500,0.0,0.0
2024-05-01,428.6000061035156,449.9599914550781,427.1099853515625,439.19000244140625,435.8287353515625,20344900,0.0,0.0
2024-05-02,438.8399963378906,443.9599914550781,432.2799987792969,441.67999267578125,438.2996826171875,15221300,0.0,0.0
2024-05-03,445.92999267578125,454.1700134277344,443.8500061035156,451.9599914550781,448.5009765625,16489100,0.0,0.0
2024-05-06,455.5799865722656,466.1600036621094,453.3399963378906,465.67999267578125,462.115966796875,15094600,0.0,0.0
2024-05-07,466.2900085449219,471.5299987792969,461.30999755859375,468.239990234375,464.6563720703125,13406800,0.0,0.0
2024-05-08,463.5,475.5799865722656,463.0,472.6000061035156,468.9830322265625,11683900,0.0,0.0
2024-05-09,470.0,476.0799865722656,467.6300048828125,475.4200134277344,471.781494140625,9437700,0.0,0.0
2024-05-10,477.0899963378906,477.5,469.6000061035156,476.20001220703125,472.55548095703125,10750000,0.0,0.0
2024-05-13,472.75,473.3500061035156,462.8500061035156,468.010009765625,464.4281921386719,14668800,0.0,0.0
2024-05-14,463.3699951171875,472.5400085449219,460.0799865722656,471.8500061035156,468.2388000488281,10478600,0.0,0.0
2024-05-15,474.9800109863281,482.5,471.20001220703125,481.5400085449219,477.8546142578125,13100500,0.0,0.0
2024-05-16,475.0,477.69000244140625,472.75,473.2300109863281,469.6082458496094,16608200,0.0,0.0
2024-05-17,470.8299865722656,472.79998779296875,468.4200134277344,471.9100036621094,468.2983093261719,10807300,0.0,0.0
2024-05-20,469.95001220703125,473.20001220703125,467.0400085449219,468.8399963378906,465.2518005371094,11745100,0.0,0.0
2024-05-21,467.1199951171875,470.70001220703125,462.2699890136719,464.6300048828125,461.07403564453125,11742200,0.0,0.0
2024-05-22,467.8699951171875,473.7200012207031,465.6499938964844,467.7799987792969,464.1999206542969,10078600,0.0,0.0
2024-05-23,472.8800048828125,474.3599853515625,461.5400085449219,465.7799987792969,462.2152404785156,11747900,0.0,0.0
2024-05-24,467.6199951171875,479.8500061035156,466.29998779296875,478.2200012207031,474.55999755859375,12024300,0.0,0.0
2024-05-28,476.5799865722656,480.8599853515625,474.8399963378906,479.9200134277344,476.2470397949219,10175800,0.0,0.0
2024-05-29,474.6600036621094,479.8500061035156,473.70001220703125,474.3599853515625,470.72955322265625,9226200,0.0,0.0
2024-05-30,471.6700134277344,471.7300109863281,464.7099914550781,467.04998779296875,463.4754333496094,10719600,0.0,0.0
2024-05-31,465.79998779296875,469.1199951171875,454.4599914550781,466.8299865722656,463.2571716308594,16919800,0.0,0.0
2024-06-03,470.8599853515625,479.6000061035156,468.239990234375,477.489990234375,473.8355712890625,11279400,0.0,0.0
2024-06-04,477.0,478.8900146484375,473.2300109863281,476.989990234375,473.3394775390625,7088700,0.0,0.0
2024-06-05,484.45001220703125,496.6499938964844,483.9100036621094,495.05999755859375,491.2711486816406,15690500,0.0,0.0
2024-06-06,492.9800109863281,502.82000732421875,490.8900146484375,493.760009765625,489.98114013671875,10667300,0.0,0.0
2024-06-07,495.9100036621094,498.9100036621094,490.1700134277344,492.9599914550781,489.1872253417969,9380700,0.0,0.0
2024-06-10,493.8599853515625,502.6600036621094,493.4100036621094,502.6000061035156,498.7534484863281,11220900,0.0,0.0
2024-06-11,500.1600036621094,507.6000061035156,498.2699890136719,507.4700012207031,503.5861511230469,9673700,0.0,0.0
2024-06-12,513.989990234375,514.010009765625,504.4700012207031,508.8399963378906,504.9456481933594,11983200,0.0,0.0
2024-06-13,505.7099914550781,509.3599853515625,501.3599853515625,504.1000061035156,500.2419738769531,9954600,0.0,0.0
2024-06-14,502.6499938964844,507.1499938964844,500.75,504.1600036621094,500.7982177734375,10243300,0.5,0.0
2024-06-17,501.6700134277344,510.75,496.010009765625,506.6300048828125,503.25177001953125,11266600,0.0,0.0
2024-06-18,504.55999755859375,506.0,495.0199890136719,499.489990234375,496.15936279296875,13060400,0.0,0.0
2024-06-20,502.0,503.6700134277344,496.7699890136719,501.70001220703125,498.3546447753906,11801200,0.0,0.0
2024-06-21,503.45001220703125,503.45001220703125,492.3900146484375,494.7799987792969,491.4808044433594,22359200,0.0,0.0
2024-06-24,499.20001220703125,507.79998779296875,494.2900085449219,498.9100036621094,495.583251953125,13525300,0.0,0.0
2024-06-25,497.04998779296875,510.7099914550781,495.5,510.6000061035156,507.19525146484375,12063200,0.0,0.0
2024-06-26,506.6499938964844,513.8099975585938,504.67999267578125,513.1199951171875,509.6984558105469,8882300,0.0,0.0
2024-06-27,514.25,522.8800048828125,513.9000244140625,519.5599975585938,516.0955200195312,10121200,0.0,0.0
2024-06-28,517.1500244140625,521.8800048828125,503.8399963378906,504.2200012207031,500.85784912109375,15855100,0.0,0.0
2024-07-01,504.95001220703125,506.5799865722656,493.1700134277344,504.67999267578125,501.3147277832031,10328200,0.0,0.0
2024-07-02,500.760009765625,510.5,499.45001220703125,509.5,506.1026306152344,7739500,0.0,0.0
2024-07-03,506.3699951171875,511.2799987792969,506.0199890136719,509.9599914550781,506.5595397949219,6005600,0.0,0.0
2024-07-05,511.6000061035156,540.8699951171875,511.6000061035156,539.9099731445312,536.309814453125,21354100,0.0,0.0
2024-07-08,542.3499755859375,542.8099975585938,526.6500244140625,529.3200073242188,525.7904663085938,14917500,0.0,0.0
2024-07-09,533.75,537.47998046875,528.1900024414062,530.0,526.4658813476562,8753200,0.0,0.0
2024-07-10,530.7899780273438,538.8800048828125,528.3599853515625,534.6900024414062,531.1246948242188,10983300,0.0,0.0
2024-07-11,530.8900146484375,535.4600219726562,508.3699951171875,512.7000122070312,509.2812805175781,16458300,0.0,0.0
2024-07-12,497.760009765625,508.0899963378906,494.2300109863281,498.8699951171875,495.5434875488281,19750500,0.0,0.0
2024-07-15,498.6300048828125,506.67999267578125,493.3699951171875,496.1600036621094,492.8515625,12539200,0.0,0.0
2024-07-16,501.5,503.95001220703125,485.7900085449219,489.7900085449219,486.5240173339844,14075800,0.0,0.0
2024-07-17,479.1700134277344,479.1700134277344,459.1199951171875,461.989990234375,458.90936279296875,28076600,0.0,0.0
2024-07-18,475.0,479.239990234375,464.5400085449219,475.8500061035156,472.6770324707031,19267200,0.0,0.0
2024-07-19,476.05999755859375,486.7099914550781,475.7099914550781,476.7900085449219,473.61077880859375,15149400,0.0,0.0
2024-07-22,486.5799865722656,492.05999755859375,483.8999938964844,487.3999938964844,484.1499938964844,12023100,0.0,0.0
2024-07-23,489.8399963378906,495.2200012207031,487.7200012207031,488.69000244140625,485.4313659667969,9455500,0.0,0.0
2024-07-24,472.30999755859375,476.29998779296875,460.5799865722656,461.2699890136719,458.1941833496094,17649700,0.0,0.0
2024-07-25,463.260009765625,463.54998779296875,442.6499938964844,453.4100036621094,450.3866271972656,18240500,0.0,0.0
2024-07-26,464.20001220703125,469.7699890136719,459.4200134277344,465.70001220703125,462.5946960449219,14222400,0.0,0.0
2024-07-29,469.8800048828125,473.9599914550781,465.0199890136719,465.7099914550781,462.6046142578125,11339600,0.0,0.0
2024-07-30,467.0,472.7300109863281,456.70001220703125,463.19000244140625,460.1014404296875,11390400,0.0,0.0
2024-07-31,471.0199890136719,476.5,466.75,474.8299865722656,471.663818359375,24285800,0.0,0.0
2024-08-01,521.0,527.1699829101562,492.1000061035156,497.739990234375,494.4210205078125,43083100,0.0,0.0
2024-08-02,489.0,501.1499938964844,476.1499938964844,488.1400146484375,484.8850402832031,24044700,0.0,0.0
2024-08-05,451.3500061035156,483.4800109863281,450.79998779296875,475.7300109863281,472.557861328125,21396200,0.0,0.0
2024-08-06,479.0,502.55999755859375,478.6499938964844,494.0899963378906,490.7953796386719,20955000,0.0,0.0
2024-08-07,503.1300048828125,510.1499938964844,486.8599853515625,488.9200134277344,485.65985107421875,20105300,0.0,0.0
2024-08-08,497.5,509.9599914550781,494.7200012207031,509.6300048828125,506.2317810058594,16156800,0.0,0.0
2024-08-09,507.7099914550781,518.3400268554688,505.70001220703125,517.77001953125,514.3175048828125,13696600,0.0,0.0
2024-08-12,516.8599853515625,518.02001953125,509.1000061035156,515.9500122070312,512.5096435546875,9767400,0.0,0.0
2024-08-13,520.010009765625,531.5,518.1500244140625,528.5399780273438,525.0155639648438,13743800,0.0,0.0
2024-08-14,528.0599975585938,534.0,523.1300048828125,526.760009765625,523.24755859375,11444200,0.0,0.0
2024-08-15,531.7899780273438,539.77001953125,526.7000122070312,537.3300170898438,533.7470092773438,13482100,0.0,0.0
2024-08-16,531.9000244140625,533.6599731445312,524.6599731445312,527.4199829101562,523.9031372070312,14776700,0.0,0.0
2024-08-19,526.8699951171875,531.6599731445312,522.760009765625,529.280029296875,525.750732421875,9879700,0.0,0.0
2024-08-20,528.3499755859375,531.0900268554688,525.8800048828125,526.72998046875,523.2176513671875,7944400,0.0,0.0
2024-08-21,527.1500244140625,539.4000244140625,526.9299926757812,535.1599731445312,531.5914916992188,13423300,0.0,0.0
2024-08-22,537.0,544.22998046875,528.5900268554688,531.9299926757812,528.3829345703125,15708300,0.0,0.0
2024-08-23,536.9199829101562,539.8699951171875,525.0599975585938,528.0,524.4791870117188,11323900,0.0,0.0
2024-08-26,527.5999755859375,528.0,514.9500122070312,521.1199951171875,517.6452026367188,9584000,0.0,0.0
2024-08-27,518.97998046875,524.010009765625,515.3099975585938,519.0999755859375,515.6385498046875,6282700,0.0,0.0
2024-08-28,517.6699829101562,521.0900268554688,512.4500122070312,516.780029296875,513.3340454101562,9106100,0.0,0.0
2024-08-29,519.0499877929688,527.2000122070312,515.6799926757812,518.219970703125,514.764404296875,8317400,0.0,0.0
2024-08-30,521.3499755859375,523.5399780273438,515.2000122070312,521.3099975585938,517.8338623046875,9157500,0.0,0.0
2024-09-03,519.6400146484375,525.489990234375,508.6199951171875,511.760009765625,508.3475341796875,12459100,0.0,0.0
2024-09-04,506.07000732421875,516.5900268554688,504.07000732421875,512.739990234375,509.32098388671875,8335200,0.0,0.0
2024-09-05,511.7200012207031,521.6300048828125,511.1499938964844,516.8599853515625,513.4134521484375,8640900,0.0,0.0
2024-09-06,521.8800048828125,524.5800170898438,498.25,500.2699890136719,496.9342041015625,14744500,0.0,0.0
2024-09-09,506.1600036621094,511.3299865722656,502.0799865722656,504.7900085449219,501.4240417480469,11047800,0.0,0.0
2024-09-10,508.1600036621094,514.1799926757812,500.0299987792969,504.7900085449219,501.4240417480469,9899000,0.0,0.0
2024-09-11,507.010009765625,513.1199951171875,495.6000061035156,511.8299865722656,508.41705322265625,10782500,0.0,0.0
2024-09-12,517.0499877929688,526.7100219726562,515.219970703125,525.5999755859375,522.0952758789062,11970500,0.0,0.0
2024-09-13,520.3400268554688,527.5800170898438,517.1099853515625,524.6199951171875,521.121826171875,10321400,0.0,0.0
2024-09-16,524.5399780273438,534.0999755859375,517.4000244140625,533.280029296875,530.2294311523438,9527600,0.5,0.0
2024-09-17,537.5999755859375,542.0999755859375,530.5700073242188,536.3200073242188,533.2520141601562,11690800,0.0,0.0
2024-09-18,537.0700073242188,544.2000122070312,533.9000244140625,537.9500122070312,534.8726196289062,10323500,0.0,0.0
2024-09-19,550.0,562.0700073242188,546.52001953125,559.0999755859375,555.9016723632812,15647000,0.0,0.0
2024-09-20,560.0,564.5,556.2999877929688,561.3499755859375,558.1387329101562,22066800,0.0,0.0
2024-09-23,569.5,573.97998046875,562.4099731445312,564.4099731445312,561.1813354492188,12830700,0.0,0.0
2024-09-24,566.6799926757812,567.75,554.1900024414062,563.3300170898438,560.1076049804688,12993000,0.0,0.0
2024-09-25,564.0499877929688,576.8800048828125,563.719970703125,568.3099975585938,565.0590209960938,16543400,0.0,0.0
2024-09-26,575.72998046875,577.4000244140625,562.3499755859375,567.8400268554688,564.5916748046875,14400800,0.0,0.0
2024-09-27,570.0999755859375,570.8400268554688,564.510009765625,567.3599853515625,564.1143798828125,9398400,0.0,0.0
2024-09-30,567.7000122070312,574.6799926757812,564.7999877929688,572.4400024414062,569.1654052734375,12792300,0.0,0.0
2024-10-01,577.97998046875,583.0399780273438,570.0999755859375,576.469970703125,573.1723022460938,15259300,0.0,0.0
2024-10-02,574.8599853515625,576.0,569.3400268554688,572.8099975585938,569.533203125,6524700,0.0,0.0
2024-10-03,570.1500244140625,583.3599853515625,568.72998046875,582.77001953125,579.436279296875,11581000,0.0,0.0
2024-10-04,583.72998046875,596.8499755859375,581.4299926757812,595.9400024414062,592.5309448242188,14169500,0.0,0.0
2024-10-07,598.219970703125,602.9500122070312,584.0399780273438,584.780029296875,581.4348754882812,12014200,0.0,0.0
2024-10-08,589.6900024414062,593.5599975585938,585.969970703125,592.8900146484375,589.4984741210938,7857400,0.0,0.0
2024-10-09,593.989990234375,594.3900146484375,581.6099853515625,590.510009765625,587.1320190429688,9529700,0.0,0.0
2024-10-10,587.5700073242188,590.22998046875,582.52001953125,583.8300170898438,580.4902954101562,7740400,0.0,0.0
2024-10-11,584.8300170898438,591.2100219726562,582.7100219726562,589.9500122070312,586.5752563476562,8587100,0.0,0.0
2024-10-14,594.219970703125,600.0999755859375,589.9600219726562,590.4199829101562,587.04248046875,8252000,0.0,0.0
2024-10-15,590.1599731445312,590.6099853515625,580.1400146484375,586.27001953125,582.916259765625,9564200,0.0,0.0
2024-10-16,581.4000244140625,582.0800170898438,574.030029296875,576.7899780273438,573.490478515625,11268400,0.0,0.0
2024-10-17,583.3300170898438,584.969970703125,575.2000122070312,576.9299926757812,573.6297607421875,8701200,0.0,0.0
2024-10-18,581.0999755859375,583.969970703125,575.25,576.469970703125,573.1723022460938,7694300,0.0,0.0
2024-10-21,576.030029296875,577.239990234375,569.1099853515625,575.1599731445312,571.8697509765625,8171900,0.0,0.0
2024-10-22,574.2899780273438,583.530029296875,572.1199951171875,582.010009765625,578.6807250976562,8544500,0.0,0.0
2024-10-23,579.969970703125,585.0,562.5,563.6900024414062,560.4653930664062,14248400,0.0,0.0
2024-10-24,567.1300048828125,568.8800048828125,561.52001953125,567.780029296875,564.5321044921875,7184700,0.0,0.0
2024-10-25,573.9299926757812,581.2899780273438,571.719970703125,573.25,569.970703125,11337900,0.0,0.0
2024-10-28,582.0,583.75,574.1199951171875,578.1599731445312,574.8526611328125,10925100,0.0,0.0
2024-10-29,580.1500244140625,593.6699829101562,575.4000244140625,593.280029296875,589.8862915039062,13019100,0.0,0.0
2024-10-30,600.97998046875,601.2000122070312,589.3800048828125,591.7999877929688,588.41455078125,26864900,0.0,0.0
2024-10-31,585.0,589.9000244140625,563.010009765625,567.5800170898438,564.3331298828125,26838400,0.0,0.0
2024-11-01,567.6099853515625,573.6699829101562,562.5599975585938,567.1599731445312,563.9155883789062,15303200,0.0,0.0
2024-11-04,564.0999755859375,568.6900024414062,557.8900146484375,560.6799926757812,557.47265625,12064600,0.0,0.0
2024-11-05,567.2999877929688,573.47998046875,566.6699829101562,572.4299926757812,569.1553955078125,9775400,0.0,0.0
2024-11-06,562.75,573.0,555.1699829101562,572.0499877929688,568.7776489257812,18305400,0.0,0.0
2024-11-07,576.8900146484375,594.7999877929688,575.2100219726562,591.7000122070312,588.315185546875,14653700,0.0,0.0
2024-11-08,591.5399780273438,593.0999755859375,584.52001953125,589.3400268554688,585.96875,9415700,0.0,0.0
2024-11-11,586.3599853515625,587.0,576.510009765625,583.1699829101562,579.833984375,10209100,0.0,0.0
2024-11-12,588.5399780273438,599.6599731445312,580.3800048828125,584.8200073242188,581.4745483398438,16287700,0.0,0.0
2024-11-13,582.6099853515625,585.6400146484375,575.1699829101562,580.0,576.68212890625,10757600,0.0,0.0
2024-11-14,577.0,580.760009765625,573.010009765625,577.1599731445312,573.8583374023438,11053700,0.0,0.0
2024-11-15,571.219970703125,572.5700073242188,551.5,554.0800170898438,550.9104614257812,17712900,0.0,0.0
2024-11-18,557.0399780273438,559.9000244140625,550.0900268554688,554.4000244140625,551.2286376953125,14327300,0.0,0.0
2024-11-19,551.8599853515625,561.4299926757812,550.5999755859375,561.0900268554688,557.88037109375,9522400,0.0,0.0
2024-11-20,562.9299926757812,566.3499755859375,554.2000122070312,565.52001953125,562.2849731445312,9797300,0.0,0.0
2024-11-21,569.52001953125,570.0,549.0499877929688,563.0900268554688,559.8688354492188,11154700,0.0,0.0
2024-11-22,563.5499877929688,563.8300170898438,554.5900268554688,559.1400146484375,555.9414672851562,9164000,0.0,0.0
2024-11-25,562.0999755859375,572.5900268554688,556.3900146484375,565.1099853515625,561.8773193359375,13599800,0.0,0.0
2024-11-26,566.0,577.5,565.2000122070312,573.5399780273438,570.2590942382812,10356600,0.0,0.0
2024-11-27,574.8900146484375,574.97998046875,564.0999755859375,569.2000122070312,565.9439697265625,7200200,0.0,0.0
2024-11-29,569.0,578.4600219726562,566.9000244140625,574.3200073242188,571.0346069335938,7130500,0.0,0.0
2024-12-02,577.5,594.5,575.5700073242188,592.8300170898438,589.4388427734375,12522400,0.0,0.0
2024-12-03,595.0,614.2000122070312,591.25,613.6500244140625,610.1395874023438,14907200,0.0,0.0
2024-12-04,612.9600219726562,617.780029296875,605.0999755859375,613.780029296875,610.2689208984375,14697000,0.0,0.0
2024-12-05,617.0800170898438,619.9000244140625,607.0499877929688,608.9299926757812,605.4467163085938,8081200,0.0,0.0
2024-12-06,610.0999755859375,629.7899780273438,608.530029296875,623.77001953125,620.2017822265625,16935500,0.0,0.0
2024-12-09,623.9199829101562,626.4000244140625,606.1699829101562,613.5700073242188,610.06005859375,11426000,0.0,0.0
2024-12-10,617.5599975585938,625.5900268554688,612.739990234375,619.3200073242188,615.7772827148438,10938900,0.0,0.0
2024-12-11,623.3699951171875,638.4000244140625,621.530029296875,632.6799926757812,629.060791015625,10837200,0.0,0.0
2024-12-12,631.5,636.6599731445312,627.2100219726562,630.7899780273438,627.181640625,7474700,0.0,0.0
2024-12-13,627.219970703125,631.0800170898438,616.8900146484375,620.3499755859375,616.8013305664062,8453300,0.0,0.0
2024-12-16,629.97998046875,631.1500244140625,618.5800170898438,624.239990234375,621.1697387695312,10885600,0.5,0.0
2024-12-17,626.1699829101562,632.3699951171875,616.5399780273438,619.4400024414062,616.393310546875,12897800,0.0,0.0
2024-12-18,621.0,627.3599853515625,596.3200073242188,597.1900024414062,594.252685546875,17075500,0.0,0.0
2024-12-19,610.3900146484375,611.52001953125,595.0,595.5700073242188,592.6406860351562,14958100,0.0,0.0
2024-12-20,590.5800170898438,603.1099853515625,580.0,585.25,582.3715209960938,48989400,0.0,0.0
2024-12-23,589.5999755859375,601.0900268554688,586.25,599.8499755859375,596.899658203125,10205800,0.0,0.0
2024-12-24,602.719970703125,607.989990234375,599.280029296875,607.75,604.7608642578125,4726100,0.0,0.0
2024-12-26,605.47998046875,606.2999877929688,598.9400024414062,603.3499755859375,600.3825073242188,6081400,0.0,0.0
2024-12-27,599.4099731445312,601.8499755859375,589.7999877929688,599.8099975585938,596.85986328125,8084200,0.0,0.0
2024-12-30,588.75,596.9400024414062,585.5800170898438,591.239990234375,588.3319702148438,7025900,0.0,0.0
2024-12-31,592.27001953125,593.969970703125,583.8499755859375,585.510009765625,582.6302490234375,6019500,0.0,0.0
2025-01-02,589.719970703125,604.9099731445312,587.8200073242188,599.239990234375,596.292724609375,12682300,0.0,0.0
2025-01-03,604.760009765625,609.5,596.4099731445312,604.6300048828125,601.6561279296875,11436800,0.0,0.0
2025-01-06,611.8300170898438,630.989990234375,605.6199951171875,630.2000122070312,627.1004638671875,14560800,0.0,0.0
2025-01-07,631.7000122070312,632.0999755859375,608.22998046875,617.8900146484375,614.8510131835938,12071500,0.0,0.0
2025-01-08,613.4000244140625,616.4400024414062,602.7899780273438,610.719970703125,607.7161865234375,10085800,0.0,0.0
2025-01-10,610.030029296875,629.9099731445312,597.3400268554688,615.8599853515625,612.8309326171875,19256600,0.0,0.0
2025-01-13,607.0999755859375,608.969970703125,598.4500122070312,608.3300170898438,605.3379516601562,10785000,0.0,0.0
2025-01-14,605.0700073242188,605.489990234375,588.5499877929688,594.25,591.3272094726562,13598000,0.0,0.0
2025-01-15,610.2100219726562,622.4600219726562,606.5,617.1199951171875,614.084716796875,15524300,0.0,0.0
2025-01-16,611.5,616.25,609.7100219726562,611.2999877929688,608.2933349609375,8355300,0.0,0.0
2025-01-17,624.0499877929688,624.969970703125,603.6699829101562,612.77001953125,609.7561645507812,17280600,0.0,0.0
2025-01-21,617.8300170898438,621.5,609.010009765625,616.4600219726562,613.4280395507812,11674000,0.0,0.0
2025-01-22,623.2999877929688,633.7000122070312,619.4299926757812,623.5,620.4332885742188,12274000,0.0,0.0
2025-01-23,627.3599853515625,636.5999755859375,621.1500244140625,636.4500122070312,633.3197021484375,9910200,0.0,0.0
2025-01-24,636.4000244140625,652.0,634.2000122070312,647.489990234375,644.3053588867188,19065300,0.0,0.0
2025-01-27,626.6099853515625,663.8699951171875,625.0999755859375,659.8800048828125,656.6343994140625,28399200,0.0,0.0
2025-01-28,666.0,682.5800170898438,659.469970703125,674.3300170898438,671.0133666992188,20950100,0.0,0.0
2025-01-29,675.0,681.0499877929688,665.6699829101562,676.489990234375,673.1627197265625,21377800,0.0,0.0
2025-01-30,696.8200073242188,710.7899780273438,676.0999755859375,687.0,683.6210327148438,29322900,0.0,0.0
2025-01-31,691.0,705.2999877929688,685.5800170898438,689.1799926757812,685.790283203125,19303900,0.0,0.0
2025-02-03,675.9099731445312,704.0,675.25,697.4600219726562,694.0296020507812,21415700,0.0,0.0
2025-02-04,702.5,707.7100219726562,691.6099853515625,704.1900024414062,700.7265014648438,13826300,0.0,0.0
2025-02-05,703.5499877929688,718.1400146484375,699.010009765625,704.8699951171875,701.403076171875,17778200,0.0,0.0
2025-02-06,705.8800048828125,718.9000244140625,703.5,711.989990234375,708.4880981445312,13080700,0.0,0.0
2025-02-07,716.7999877929688,725.010009765625,711.75,714.52001953125,711.0056762695312,16427100,0.0,0.0
2025-02-10,718.5599975585938,721.2000122070312,711.3300170898438,717.4000244140625,713.8714599609375,12904300,0.0,0.0
2025-02-11,713.3200073242188,723.6599731445312,710.0399780273438,719.7999877929688,716.2596435546875,12998000,0.0,0.0
2025-02-12,715.2999877929688,727.0999755859375,712.5999755859375,725.3800048828125,721.812255859375,12016500,0.0,0.0
2025-02-13,721.52001953125,729.0,718.0399780273438,728.5599975585938,724.9766235351562,12569100,0.0,0.0
2025-02-14,726.1400146484375,740.9099731445312,725.6199951171875,736.6699829101562,733.0466918945312,16901200,0.0,0.0
2025-02-18,736.0,737.0,706.4400024414062,716.3699951171875,712.8465576171875,21938700,0.0,0.0
2025-02-19,704.0999755859375,707.0,695.3900146484375,703.77001953125,700.3086547851562,17535500,0.0,0.0
2025-02-20,697.280029296875,705.6300048828125,693.6400146484375,694.8400268554688,691.4225463867188,12587400,0.0,0.0
2025-02-21,696.5800170898438,703.8699951171875,682.3599853515625,683.5499877929688,680.18798828125,15660400,0.0,0.0
2025-02-24,686.280029296875,687.27001953125,662.4500122070312,668.1300048828125,664.8438110351562,15677000,0.0,0.0
2025-02-25,665.969970703125,668.0,641.8599853515625,657.5,654.2661743164062,20579700,0.0,0.0
2025-02-26,659.6500244140625,683.010009765625,658.0,673.7000122070312,670.386474609375,14488700,0.0,0.0
2025-02-27,682.4500122070312,688.6500244140625,657.5700073242188,658.239990234375,655.0023803710938,12500000,0.0,0.0
2025-02-28,658.0399780273438,669.6300048828125,642.5999755859375,668.2000122070312,664.9135131835938,17534200,0.0,0.0
2025-03-03,673.6799926757812,681.25,650.8400268554688,655.0499877929688,651.8281860351562,10843800,0.0,0.0
2025-03-04,645.510009765625,649.75,623.6500244140625,640.0,636.8522338867188,21495200,0.0,0.0
2025-03-05,641.0,659.5,637.6599731445312,656.469970703125,653.2411499023438,13770000,0.0,0.0
2025-03-06,648.0,650.5599975585938,624.1099853515625,627.9299926757812,624.841552734375,13446500,0.0,0.0
2025-03-07,625.3699951171875,634.7899780273438,600.6099853515625,625.6599731445312,622.582763671875,21375700,0.0,0.0
2025-03-10,608.0700073242188,610.1099853515625,586.8699951171875,597.989990234375,595.048828125,21999900,0.0,0.0
2025-03-11,595.0499877929688,614.9299926757812,593.3300170898438,605.7100219726562,602.7308349609375,17401500,0.0,0.0
2025-03-12,629.9000244140625,633.3300170898438,609.3499755859375,619.5599975585938,616.5127563476562,15747000,0.0,0.0
2025-03-13,620.25,620.5,586.510009765625,590.6400146484375,587.7349853515625,16480300,0.0,0.0
2025-03-14,602.7999877929688,608.8599853515625,594.780029296875,607.5999755859375,605.1494750976562,12364500,0.525,0.0
2025-03-17,607.4600219726562,613.0999755859375,598.0,604.9000244140625,602.4603271484375,15473900,0.0,0.0
2025-03-18,600.0499877929688,600.25,574.6599731445312,582.3599853515625,580.01123046875,20297700,0.0,0.0
2025-03-19,584.280029296875,592.3200073242188,574.77001953125,584.0599975585938,581.7044067382812,20537500,0.0,0.0
2025-03-20,582.760009765625,610.2000122070312,579.510009765625,586.0,583.6365356445312,24336500,0.0,0.0
2025-03-21,583.4199829101562,597.5399780273438,580.9500122070312,596.25,593.8452758789062,25015900,0.0,0.0
2025-03-24,614.969970703125,622.5399780273438,612.2000122070312,618.8499755859375,616.3541259765625,15741300,0.0,0.0
2025-03-25,626.760009765625,633.8800048828125,621.1799926757812,626.3099975585938,623.7840576171875,15312500,0.0,0.0
2025-03-26,624.8900146484375,626.75,606.6099853515625,610.97998046875,608.5158081054688,12609800,0.0,0.0
2025-03-27,602.0,614.25,600.0999755859375,602.5800170898438,600.1497192382812,10436500,0.0,0.0
2025-03-28,600.3099975585938,601.75,573.9199829101562,576.739990234375,574.4139404296875,17602800,0.0,0.0
2025-03-31,563.5,578.7000122070312,553.2999877929688,576.3599853515625,574.035400390625,21124700,0.0,0.0
2025-04-01,570.8400268554688,589.9099731445312,570.0,586.0,583.6365356445312,12836600,0.0,0.0
2025-04-02,574.9099731445312,592.6599731445312,573.3599853515625,583.9299926757812,581.574951171875,13470800,0.0,0.0
2025-04-03,546.219970703125,552.5599975585938,530.2999877929688,531.6199951171875,529.4758911132812,34777500,0.0,0.0
2025-04-04,506.6199951171875,518.0,494.20001220703125,504.7300109863281,502.6943664550781,38589800,0.0,0.0
2025-04-07,485.1000061035156,539.3699951171875,481.8999938964844,516.25,514.1679077148438,36606100,0.0,0.0
2025-04-08,543.25,547.4299926757812,502.8599853515625,510.45001220703125,508.3912658691406,28034200,0.0,0.0
2025-04-09,509.2699890136719,587.8900146484375,502.1099853515625,585.77001953125,583.407470703125,39216600,0.0,0.0
2025-04-10,575.489990234375,581.2999877929688,535.2999877929688,546.2899780273438,544.0867309570312,28173500,0.0,0.0
2025-04-11,535.510009765625,547.4000244140625,528.5900268554688,543.5700073242188,541.377685546875,17642300,0.0,0.0
2025-04-14,556.1699829101562,557.77001953125,528.280029296875,531.47998046875,529.3364868164062,14130900,0.0,0.0
2025-04-15,532.1099853515625,537.9400024414062,517.5,521.52001953125,519.4166259765625,15558700,0.0,0.0
2025-04-16,508.510009765625,513.3699951171875,495.6300048828125,502.30999755859375,500.2840881347656,18735100,0.0,0.0
2025-04-17,505.25,507.29998779296875,498.010009765625,501.4800109863281,499.4574890136719,14593500,0.0,0.0
2025-04-21,491.3299865722656,493.5,479.79998779296875,484.6600036621094,482.705322265625,16166000,0.0,0.0
2025-04-22,491.8699951171875,506.8800048828125,486.3599853515625,500.2799987792969,498.26226806640625,17399400,0.0,0.0
2025-04-23,528.530029296875,535.3400268554688,516.52001953125,520.27001953125,518.1716918945312,18173900,0.0,0.0
2025-04-24,518.72998046875,533.9000244140625,517.5,533.1500244140625,530.999755859375,13910000,0.0,0.0
2025-04-25,546.7999877929688,549.8599853515625,536.25,547.27001953125,545.0628662109375,17098900,0.0,0.0
2025-04-28,555.6400146484375,558.489990234375,540.5900268554688,549.739990234375,547.5227661132812,15179000,0.0,0.0
2025-04-29,546.0,556.5700073242188,544.1199951171875,554.4400024414062,552.203857421875,11835000,0.0,0.0
2025-04-30,538.4000244140625,549.0999755859375,529.5,549.0,546.7858276367188,29244000,0.0,0.0
2025-05-01,592.0800170898438,592.9500122070312,570.5,572.2100219726562,569.9022216796875,31159000,0.0,0.0
2025-05-02,583.4600219726562,604.3400268554688,578.3300170898438,597.02001953125,594.6121826171875,24739300,0.0,0.0
2025-05-05,591.219970703125,603.2100219726562,588.0499877929688,599.27001953125,596.85302734375,13887700,0.0,0.0
2025-05-06,592.530029296875,596.030029296875,586.5800170898438,587.3099975585938,584.9412841796875,10600700,0.0,0.0
2025-05-07,590.3599853515625,603.0800170898438,586.6699829101562,596.8099975585938,594.4030151367188,13139100,0.0,0.0
2025-05-08,606.2899780273438,611.2999877929688,596.6199951171875,598.010009765625,595.5980834960938,14622800,0.0,0.0
2025-05-09,603.719970703125,606.969970703125,591.7100219726562,592.489990234375,590.1004028320312,10427300,0.0,0.0
2025-05-12,630.9199829101562,640.3900146484375,621.030029296875,639.4299926757812,636.85107421875,21965100,0.0,0.0
2025-05-13,645.5399780273438,660.9199829101562,642.8300170898438,656.030029296875,653.3841552734375,18570800,0.0,0.0
2025-05-14,661.2100219726562,662.6699829101562,654.3099975585938,659.3599853515625,656.70068359375,12348200,0.0,0.0
2025-05-15,654.280029296875,657.3099975585938,638.5800170898438,643.8800048828125,641.283203125,14341800,0.0,0.0
2025-05-16,637.9600219726562,640.4400024414062,626.1500244140625,640.3400268554688,637.7574462890625,18519000,0.0,0.0
2025-05-19,628.25,643.0,627.7999877929688,640.4299926757812,637.8471069335938,9592400,0.0,0.0
2025-05-20,636.010009765625,639.3499755859375,632.260009765625,637.0999755859375,634.5304565429688,6743500,0.0,0.0
2025-05-21,631.7899780273438,646.6099853515625,630.1699829101562,635.5,632.9369506835938,11464600,0.0,0.0
2025-05-22,634.0499877929688,643.25,630.7100219726562,636.5700073242188,634.0025634765625,8228400,0.0,0.0
2025-05-23,624.0,632.4500122070312,622.6500244140625,627.0599975585938,624.5309448242188,8454100,0.0,0.0
2025-05-27,635.4099731445312,643.0800170898438,632.75,642.3200073242188,639.7294311523438,9508400,0.0,0.0
2025-05-28,642.5999755859375,650.8800048828125,642.5499877929688,643.5800170898438,640.984375,9042900,0.0,0.0
2025-05-29,651.6500244140625,653.3200073242188,639.5,645.0499877929688,642.4484252929688,8858800,0.0,0.0
2025-05-30,642.5,649.4099731445312,632.780029296875,647.489990234375,644.8786010742188,16241000,0.0,0.0
2025-06-02,644.3900146484375,673.260009765625,644.260009765625,670.9000244140625,668.1941528320312,15766300,0.0,0.0
2025-06-03,671.4500122070312,675.5800170898438,665.030029296875,666.8499755859375,664.1605224609375,11585000,0.0,0.0
2025-06-04,669.3200073242188,689.0,668.5700073242188,687.9500122070312,685.1753540039062,14031900,0.0,0.0
2025-06-05,691.6599731445312,694.3800048828125,682.25,684.6199951171875,681.85888671875,13083100,0.0,0.0
2025-06-06,696.1699829101562,702.8099975585938,691.8699951171875,697.7100219726562,694.89599609375,11728000,0.0,0.0
2025-06-09,698.4600219726562,705.1900024414062,693.9400024414062,694.0599975585938,691.2608032226562,12773200,0.0,0.0
2025-06-10,701.3499755859375,703.22998046875,691.5599975585938,702.4000244140625,699.567138671875,10850100,0.0,0.0
2025-06-11,703.7100219726562,708.8699951171875,691.989990234375,694.1400146484375,691.3404541015625,9582500,0.0,0.0
2025-06-12,693.2999877929688,695.3800048828125,687.0,693.3599853515625,690.5635375976562,7322700,0.0,0.0
2025-06-13,687.9500122070312,694.5700073242188,681.010009765625,682.8699951171875,680.1159057617188,9274400,0.0,0.0
2025-06-16,699.3300170898438,707.1500244140625,693.510009765625,702.1199951171875,699.8262939453125,13720300,0.525,0.0
2025-06-17,702.0,705.969970703125,696.0599975585938,697.22998046875,694.9522705078125,10066100,0.0,0.0
2025-06-18,698.1799926757812,701.5900268554688,694.9000244140625,695.77001953125,693.4970703125,10068300,0.0,0.0
2025-06-20,700.75,701.8200073242188,678.6699829101562,682.3499755859375,680.120849609375,22538600,0.0,0.0
2025-06-23,683.6900024414062,699.0499877929688,678.75,698.530029296875,696.248046875,11080100,0.0,0.0
2025-06-24,704.8900146484375,713.1900024414062,702.1099853515625,712.2000122070312,709.8734130859375,13823200,0.0,0.0
2025-06-25,713.3200073242188,716.5800170898438,705.3800048828125,708.6799926757812,706.3648071289062,9320400,0.0,0.0
2025-06-26,714.3599853515625,728.219970703125,711.0499877929688,726.0900268554688,723.7179565429688,13964800,0.0,0.0
2025-06-27,726.52001953125,735.4299926757812,725.8599853515625,733.6300048828125,731.2333984375,18775700,0.0,0.0
2025-06-30,744.5499877929688,747.9000244140625,734.25,738.0900268554688,735.6788330078125,15402100,0.0,0.0
2025-07-01,736.8800048828125,737.75,715.3699951171875,719.219970703125,716.8704223632812,13431200,0.0,0.0
2025-07-02,715.3300170898438,720.2999877929688,712.7999877929688,713.5700073242188,711.2389526367188,9336700,0.0,0.0
2025-07-03,726.6099853515625,729.030029296875,714.4199829101562,719.010009765625,716.6611938476562,8601700,0.0,0.0
2025-07-07,717.5999755859375,727.0,713.510009765625,718.3499755859375,716.0032348632812,9457100,0.0,0.0
2025-07-08,721.5700073242188,722.9099731445312,714.8099975585938,720.6699829101562,718.315673828125,7770700,0.0,0.0
2025-07-09,722.719970703125,737.530029296875,722.719970703125,732.780029296875,730.38623046875,11418000,0.0,0.0
2025-07-10,731.5499877929688,735.7999877929688,719.5999755859375,727.239990234375,724.8642578125,9913600,0.0,0.0
2025-07-11,722.5,725.1599731445312,709.7000122070312,717.510009765625,715.1660766601562,10873900,0.0,0.0
2025-07-14,717.5999755859375,728.0,716.5499877929688,720.9199829101562,718.5648193359375,8939400,0.0,0.0
2025-07-15,723.9000244140625,724.469970703125,709.8200073242188,710.3900146484375,708.0692749023438,11529500,0.0,0.0
2025-07-16,713.3699951171875,713.969970703125,699.27001953125,702.9099731445312,700.6136474609375,13067600,0.0,0.0
2025-07-17,704.3900146484375,705.9000244140625,697.1099853515625,701.4099731445312,699.1185913085938,11803300,0.0,0.0
2025-07-18,702.1900024414062,704.7100219726562,691.6500244140625,704.280029296875,701.9793090820312,12779800,0.0,0.0
2025-07-21,706.7999877929688,717.0,705.760009765625,712.969970703125,710.6408081054688,9404400,0.0,0.0
2025-07-22,716.1900024414062,716.5999755859375,701.4099731445312,704.8099975585938,702.507568359375,8921100,0.0,0.0
2025-07-23,706.3699951171875,714.6300048828125,704.9299926757812,713.5800170898438,711.2489013671875,8771600,0.0,0.0
2025-07-24,717.0499877929688,723.6199951171875,714.0,714.7999877929688,712.4649047851562,10920800,0.0,0.0
2025-07-25,716.9199829101562,720.6500244140625,711.9000244140625,712.6799926757812,710.3517456054688,8271700,0.0,0.0
2025-07-28,715.2000122070312,724.739990234375,712.6799926757812,717.6300048828125,715.28564453125,8715700,0.0,0.0
2025-07-29,720.0,724.469970703125,699.9099731445312,700.0,697.7131958007812,13267000,0.0,0.0
2025-07-30,708.0900268554688,708.5,691.2000122070312,695.2100219726562,692.9389038085938,27077300,0.0,0.0
2025-07-31,775.2000122070312,784.75,765.510009765625,773.4400024414062,770.913330078125,38831100,0.0,0.0
2025-08-01,760.72998046875,766.0,745.3099975585938,750.010009765625,747.5598754882812,19028700,0.0,0.0
2025-08-04,760.0,776.8499755859375,758.4099731445312,776.3699951171875,773.8338012695312,15801700,0.0,0.0
2025-08-05,776.4500122070312,783.1300048828125,763.0,763.4600219726562,760.9660034179688,11640300,0.0,0.0
2025-08-06,770.0,773.6400146484375,760.4600219726562,771.989990234375,769.468017578125,9733900,0.0,0.0
2025-08-07,773.489990234375,775.0,759.5499877929688,761.8300170898438,759.3411865234375,9019700,0.0,0.0
2025-08-08,762.75,769.9000244140625,758.5800170898438,769.2999877929688,766.786865234375,7320800,0.0,0.0
2025-08-11,770.0800170898438,773.4600219726562,764.6699829101562,765.8699951171875,763.3681030273438,7612000,0.0,0.0
2025-08-12,773.0,793.6699829101562,772.4299926757812,790.0,787.419189453125,14563100,0.0,0.0
2025-08-13,791.1500244140625,795.4600219726562,778.22998046875,780.0800170898438,777.5316772460938,8811800,0.0,0.0
2025-08-14,777.8800048828125,787.8099975585938,772.510009765625,782.1300048828125,779.574951171875,8116200,0.0,0.0
2025-08-15,784.1500244140625,796.25,780.8200073242188,785.22998046875,782.6648559570312,13375400,0.0,0.0
2025-08-18,775.0900268554688,775.8099975585938,756.5599975585938,767.3699951171875,764.8631591796875,16513700,0.0,0.0
2025-08-19,767.1199951171875,767.1699829101562,749.3599853515625,751.47998046875,749.0250244140625,12286700,0.0,0.0
2025-08-20,747.5700073242188,750.2000122070312,731.0,747.719970703125,745.2772827148438,11898200,0.0,0.0
2025-08-21,744.7100219726562,745.5,733.1099853515625,739.0999755859375,736.6854858398438,8876300,0.0,0.0
2025-08-22,739.22998046875,756.9000244140625,734.3900146484375,754.7899780273438,752.32421875,10612700,0.0,0.0
2025-08-25,754.8200073242188,758.8800048828125,750.1300048828125,753.2999877929688,750.839111328125,6861200,0.0,0.0
2025-08-26,750.7999877929688,754.8699951171875,747.9400024414062,754.0999755859375,751.6364135742188,7601800,0.0,0.0
2025-08-27,752.2999877929688,754.1500244140625,742.8400268554688,747.3800048828125,744.9384765625,8315400,0.0,0.0
2025-08-28,744.0,753.0499877929688,740.7999877929688,751.1099853515625,748.65625,7468000,0.0,0.0
2025-08-29,745.280029296875,747.1400146484375,735.3499755859375,738.7000122070312,736.2868041992188,9070500,0.0,0.0
2025-09-02,726.0399780273438,736.0,721.72998046875,735.1099853515625,732.70849609375,9350900,0.0,0.0
2025-09-03,736.0,740.25,733.989990234375,737.0499877929688,734.6422119140625,7699300,0.0,0.0
2025-09-04,748.5700073242188,761.1599731445312,745.8200073242188,748.6500244140625,746.204345703125,11439100,0.0,0.0
2025-09-05,752.6199951171875,757.9500122070312,745.030029296875,752.4500122070312,749.9918823242188,9663400,0.0,0.0
2025-09-08,756.0,766.510009765625,752.02001953125,752.2999877929688,749.8423461914062,13087800,0.0,0.0
2025-09-09,757.489990234375,766.2999877929688,753.4299926757812,765.7000122070312,763.1986083984375,10999000,0.0,0.0
2025-09-10,765.1300048828125,765.7000122070312,751.0,751.97998046875,749.5234985351562,12478300,0.0,0.0
2025-09-11,754.6500244140625,757.0999755859375,748.3699951171875,750.9000244140625,748.447021484375,7923300,0.0,0.0
2025-09-12,748.72998046875,757.5700073242188,743.760009765625,755.5900268554688,753.1216430664062,8248600,0.0,0.0
2025-09-15,757.469970703125,774.0700073242188,751.989990234375,764.7000122070312,762.201904296875,10533800,0.0,0.0
2025-09-16,767.0,781.3599853515625,765.0999755859375,779.0,776.4552001953125,11782500,0.0,0.0
2025-09-17,779.989990234375,783.2899780273438,766.3099975585938,775.719970703125,773.1858520507812,9400900,0.0,0.0
2025-09-18,780.75,788.780029296875,773.3599853515625,780.25,777.7010498046875,10955000,0.0,0.0
2025-09-19,786.4199829101562,790.7999877929688,769.1900024414062,778.3800048828125,775.8372192382812,23696800,0.0,0.0
2025-09-22,781.8499755859375,785.72998046875,764.469970703125,765.1599731445312,763.1751098632812,11706900,0.525,0.0
2025-09-23,769.25,770.5999755859375,751.0700073242188,755.4000244140625,753.4404907226562,10872600,0.0,0.0
2025-09-24,757.5,761.1099853515625,752.530029296875,760.6599731445312,758.686767578125,8828200,0.0,0.0
2025-09-25,753.4500122070312,756.77001953125,744.5499877929688,748.9099731445312,746.96728515625,10591100,0.0,0.0
2025-09-26,750.0,751.9299926757812,737.3499755859375,743.75,741.8206176757812,9696300,0.0,0.0
2025-09-29,748.719970703125,750.780029296875,739.1500244140625,743.4000244140625,741.4716186523438,9246800,0.0,0.0
2025-09-30,742.25,742.969970703125,726.2999877929688,734.3800048828125,732.4749145507812,16226800,0.0,0.0
2025-10-01,721.489990234375,721.8499755859375,710.2000122070312,717.3400268554688,715.4791870117188,20419600,0.0,0.0
2025-10-02,722.5800170898438,727.77001953125,718.1400146484375,727.0499877929688,725.1639404296875,11415300,0.0,0.0
2025-10-03,729.6300048828125,731.0,710.1799926757812,710.5599975585938,708.7167358398438,16154300,0.0,0.0
2025-10-06,705.1900024414062,716.8800048828125,690.510009765625,715.6599731445312,713.8035278320312,21654700,0.0,0.0
2025-10-07,717.719970703125,718.5,705.75,713.0800170898438,711.230224609375,12062900,0.0,0.0
2025-10-08,713.4500122070312,719.6500244140625,707.8099975585938,717.8400268554688,715.9779052734375,10790600,0.0,0.0
2025-10-09,718.280029296875,733.510009765625,712.4400024414062,733.510009765625,731.6072387695312,12717200,0.0,0.0
2025-10-10,730.9199829101562,735.27001953125,704.510009765625,705.2999877929688,703.4703979492188,16980100,0.0,0.0
2025-10-13,713.010009765625,719.9400024414062,707.6400146484375,715.7000122070312,713.8433837890625,9251800,0.0,0.0
2025-10-14,707.780029296875,715.5499877929688,699.3300170898438,708.6500244140625,706.8117065429688,8829800,0.0,0.0
2025-10-15,717.0599975585938,723.9000244140625,709.510009765625,717.5499877929688,715.6885986328125,10246800,0.0,0.0
2025-10-16,717.5499877929688,725.489990234375,703.8800048828125,712.0700073242188,710.2228393554688,9017000,0.0,0.0
2025-10-17,707.0800170898438,718.5399780273438,706.1199951171875,716.9199829101562,715.0602416992188,12232400,0.0,0.0
2025-10-20,721.1900024414062,733.77001953125,720.1799926757812,732.1699829101562,730.2706909179688,8900200,0.0,0.0
2025-10-21,736.02001953125,738.5,728.75,733.27001953125,731.3678588867188,7647300,0.0,0.0
2025-10-22,733.8300170898438,740.5999755859375,724.030029296875,733.4099731445312,731.5074462890625,8734500,0.0,0.0
2025-10-23,734.7000122070312,742.4099731445312,733.0999755859375,734.0,732.095947265625,9856000,0.0,0.0
2025-10-24,736.7899780273438,741.2100219726562,731.1500244140625,738.3599853515625,736.444580078125,9151300,0.0,0.0
2025-10-27,749.72998046875,755.75,748.010009765625,750.8200073242188,748.872314453125,11321100,0.0,0.0
2025-10-28,752.6300048828125,758.4000244140625,745.52001953125,751.4400024414062,749.49072265625,12193800,0.0,0.0
2025-10-29,754.75,759.1599731445312,742.510009765625,751.6699829101562,749.7200927734375,26818600,0.0,0.0
2025-10-30,669.1500244140625,680.9600219726562,650.1699829101562,666.469970703125,664.7410888671875,88440100,0.0,0.0
2025-10-31,674.510009765625,674.8900146484375,645.5700073242188,648.3499755859375,646.6680908203125,56953200,0.0,0.0
2025-11-03,656.0,659.3300170898438,636.1799926757812,637.7100219726562,636.0557861328125,33003600,0.0,0.0
2025-11-04,628.0399780273438,641.739990234375,626.010009765625,627.3200073242188,625.6926879882812,27356600,0.0,0.0
2025-11-05,632.3099975585938,642.22998046875,626.5399780273438,635.9500122070312,634.30029296875,20219900,0.0,0.0
2025-11-06,635.8499755859375,636.0,618.0,618.9400024414062,617.3344116210938,23628800,0.0,0.0
2025-11-07,616.489990234375,622.1300048828125,601.2000122070312,621.7100219726562,620.0972290039062,29946800,0.0,0.0
2025-11-10,631.0900268554688,635.0,618.1099853515625,631.760009765625,630.1211547851562,19245000,0.0,0.0
2025-11-11,628.0,629.5599975585938,619.3900146484375,627.0800170898438,625.4533081054688,13302200,0.0,0.0
2025-11-12,628.1300048828125,628.989990234375,607.77001953125,609.010009765625,607.43017578125,24493300,0.0,0.0
2025-11-13,613.0700073242188,617.6500244140625,603.0,609.8900146484375,608.3079223632812,20973800,0.0,0.0
2025-11-14,601.7899780273438,613.6799926757812,595.2000122070312,609.4600219726562,607.8790283203125,20724100,0.0,0.0
2025-11-17,609.0399780273438,611.6900024414062,595.4000244140625,602.010009765625,600.4483642578125,16501300,0.0,0.0
2025-11-18,591.5999755859375,603.6599731445312,583.780029296875,597.6900024414062,596.1395263671875,25500600,0.0,0.0
2025-11-19,593.719970703125,595.3300170898438,581.25,590.3200073242188,588.7886352539062,24744700,0.0,0.0
2025-11-20,603.5,606.719970703125,583.3499755859375,589.1500244140625,587.6217651367188,20603000,0.0,0.0
2025-11-21,588.5,598.1199951171875,581.8599853515625,594.25,592.7084350585938,21052600,0.0,0.0
2025-11-24,598.719970703125,616.7000122070312,597.6300048828125,613.0499877929688,611.4596557617188,23554900,0.0,0.0
2025-11-25,624.0,637.0499877929688,618.2999877929688,636.219970703125,634.569580078125,25213000,0.0,0.0
2025-11-26,637.6900024414062,638.3599853515625,631.6300048828125,633.6099853515625,631.9663696289062,15209500,0.0,0.0
2025-11-28,636.0800170898438,648.0499877929688,635.5,647.9500122070312,646.2691650390625,11033200,0.0,0.0
2025-12-01,639.5499877929688,645.3200073242188,637.760009765625,640.8699951171875,639.2075805664062,13029900,0.0,0.0
2025-12-02,642.3400268554688,647.8699951171875,638.0700073242188,647.0999755859375,645.4213256835938,11640900,0.0,0.0
2025-12-03,644.4099731445312,648.8499755859375,637.5499877929688,639.5999755859375,637.9408569335938,11134300,0.0,0.0
2025-12-04,676.0,676.0999755859375,660.0499877929688,661.530029296875,659.81396484375,29874600,0.0,0.0
2025-12-05,664.0,674.6900024414062,662.3900146484375,673.4199829101562,671.673095703125,21207900,0.0,0.0
2025-12-08,669.3400268554688,676.7100219726562,665.0700073242188,666.7999877929688,665.0702514648438,13161000,0.0,0.0
2025-12-09,663.77001953125,664.47998046875,653.3400268554688,656.9600219726562,655.2557983398438,12997100,0.0,0.0
2025-12-10,649.9500122070312,654.510009765625,643.4000244140625,650.1300048828125,648.4434814453125,16910900,0.0,0.0
2025-12-11,643.2899780273438,655.280029296875,640.7999877929688,652.7100219726562,651.016845703125,13056700,0.0,0.0
2025-12-12,649.7999877929688,711.0,638.6099853515625,644.22998046875,642.558837890625,14016900,0.0,0.0
2025-12-15,645.7000122070312,653.0,638.7000122070312,647.510009765625,646.3570556640625,15549100,0.525,0.0
2025-12-16,643.5,662.5399780273438,643.2000122070312,657.1500244140625,655.9799194335938,14309100,0.0,0.0
2025-12-17,655.6099853515625,661.22998046875,649.2000122070312,649.5,648.343505859375,15598500,0.0,0.0
2025-12-18,657.030029296875,670.5599975585938,656.4600219726562,664.4500122070312,663.266845703125,20260300,0.0,0.0
2025-12-19,666.4199829101562,671.0,658.1799926757812,658.77001953125,657.5969848632812,49977100,0.0,0.0
2025-12-22,661.6500244140625,673.5800170898438,656.6500244140625,661.5,660.3221435546875,15659400,0.0,0.0
2025-12-23,660.0499877929688,666.0,658.25,664.9400024414062,663.7559814453125,8486800,0.0,0.0
2025-12-24,662.530029296875,668.1799926757812,662.2000122070312,667.5499877929688,666.361328125,5627500,0.0,0.0
2025-12-26,668.0599975585938,668.9500122070312,661.3200073242188,663.2899780273438,662.1089477539062,7133800,0.0,0.0
2025-12-29,658.010009765625,660.25,654.3900146484375,658.6900024414062,657.5171508789062,8506500,0.0,0.0
2025-12-30,658.6900024414062,672.219970703125,657.8400268554688,665.9500122070312,664.7642211914062,9187500,0.0,0.0
2025-12-31,664.75,665.0,659.4400024414062,660.0900268554688,658.9146118164062,7940400,0.0,0.0
2026-01-02,662.72998046875,664.3900146484375,643.5,650.4099731445312,649.2518310546875,13726500,0.0,0.0
2026-01-05,651.010009765625,664.5399780273438,647.75,658.7899780273438,657.616943359375,12213700,0.0,0.0
2026-01-06,659.5700073242188,665.52001953125,651.9000244140625,660.6199951171875,659.4436645507812,11074400,0.0,0.0
2026-01-07,655.6400146484375,659.1500244140625,644.8099975585938,648.6900024414062,647.534912109375,12846300,0.0,0.0
2026-01-08,645.8800048828125,647.0999755859375,635.719970703125,646.0599975585938,644.9096069335938,11921700,0.0,0.0
2026-01-09,645.4400024414062,654.9500122070312,642.8499755859375,653.0599975585938,651.8971557617188,11634900,0.0,0.0
2026-01-12,652.530029296875,653.969970703125,641.22998046875,641.969970703125,640.8268432617188,14797200,0.0,0.0
2026-01-13,642.27001953125,642.27001953125,624.0999755859375,631.0900268554688,629.96630859375,18030400,0.0,0.0
2026-01-14,626.5,628.4500122070312,614.8200073242188,615.52001953125,614.4240112304688,15527900,0.0,0.0
2026-01-15,618.47998046875,624.1699829101562,614.22998046875,620.7999877929688,619.694580078125,13076100,0.0,0.0
2026-01-16,624.1799926757812,629.0800170898438,620.0800170898438,620.25,619.1455688476562,17012500,0.0,0.0
2026-01-20,607.8800048828125,611.4000244140625,600.0,604.1199951171875,603.0443115234375,15169600,0.0,0.0
2026-01-21,606.739990234375,618.27001953125,600.0800170898438,612.9600219726562,611.8685913085938,14494700,0.0,0.0
2026-01-22,629.3499755859375,660.5700073242188,626.5499877929688,647.6300048828125,646.476806640625,21394700,0.0,0.0
2026-01-23,644.77001953125,666.489990234375,644.4500122070312,658.760009765625,657.5870361328125,22797700,0.0,0.0
2026-01-26,665.1300048828125,675.280029296875,661.2899780273438,672.3599853515625,671.1627197265625,16327400,0.0,0.0
2026-01-27,674.5900268554688,676.8200073242188,664.6599731445312,672.969970703125,671.7716674804688,13297400,0.0,0.0
2026-01-28,674.5,677.6799926757812,666.0999755859375,668.72998046875,667.5391845703125,25709600,0.0,0.0
2026-01-29,737.4299926757812,744.0,712.5499877929688,738.3099975585938,736.995361328125,59852900,0.0,0.0
2026-01-30,727.5,732.1699829101562,713.5900268554688,716.5,715.2241821289062,23744600,0.0,0.0
2026-02-02,714.5999755859375,721.2999877929688,703.52001953125,706.4099731445312,705.152099609375,14365200,0.0,0.0
2026-02-03,707.3699951171875,717.0,686.4099731445312,691.7000122070312,690.4683227539062,13760700,0.0,0.0
2026-02-04,687.72998046875,688.8300170898438,667.4600219726562,668.989990234375,667.798828125,16882800,0.0,0.0
2026-02-05,663.5800170898438,681.5,653.5,670.2100219726562,669.0166625976562,17131800,0.0,0.0
2026-02-06,665.489990234375,671.989990234375,646.5,661.4600219726562,660.2822265625,18159300,0.0,0.0
2026-02-09,663.1799926757812,683.3099975585938,658.780029296875,677.219970703125,676.0140991210938,14837500,0.0,0.0
2026-02-10,677.5999755859375,680.6500244140625,669.7899780273438,670.719970703125,669.525634765625,10455800,0.0,0.0
2026-02-11,674.0,679.27001953125,657.0999755859375,668.6900024414062,667.4993286132812,14323800,0.0,0.0
2026-02-12,669.969970703125,676.0,645.280029296875,649.8099975585938,648.6529541015625,14960100,0.0,0.0
2026-02-13,645.0999755859375,651.4299926757812,634.5700073242188,639.77001953125,638.6307983398438,12336400,0.0,0.0
2026-02-17,639.5,642.5999755859375,628.7999877929688,639.2899780273438,638.1516723632812,12674700,0.0,0.0
2026-02-18,633.7999877929688,645.0,628.1500244140625,643.219970703125,642.0746459960938,14649200,0.0,0.0
2026-02-19,638.5700073242188,647.1900024414062,636.719970703125,644.780029296875,643.6318969726562,10035700,0.0,0.0
2026-02-20,639.6900024414062,663.3499755859375,638.780029296875,655.6599731445312,654.4925537109375,14183500,0.0,0.0
2026-02-23,652.5399780273438,657.7000122070312,636.0,637.25,636.1153564453125,8605900,0.0,0.0
2026-02-24,633.0800170898438,641.1099853515625,628.97998046875,639.2999877929688,638.1616821289062,10135600,0.0,0.0
2026-02-25,642.530029296875,653.8800048828125,642.1400146484375,653.6900024414062,652.5260009765625,11330700,0.0,0.0
2026-02-26,650.5499877929688,661.0,647.5,657.010009765625,655.8401489257812,10637700,0.0,0.0
2026-02-27,643.4500122070312,649.4400024414062,638.1199951171875,648.1799926757812,647.0258178710938,15703000,0.0,0.0
2026-03-02,637.1599731445312,659.9400024414062,634.5,653.5599975585938,652.396240234375,9816100,0.0,0.0
2026-03-03,648.2899780273438,659.0399780273438,638.8400268554688,655.0800170898438,653.91357421875,12263800,0.0,0.0
2026-03-04,657.9600219726562,672.77001953125,657.6699829101562,667.72998046875,666.541015625,10810100,0.0,0.0
2026-03-05,661.9299926757812,670.7000122070312,650.3099975585938,660.5700073242188,659.393798828125,13341400,0.0,0.0
2026-03-06,647.9000244140625,649.469970703125,636.1099853515625,644.8599853515625,643.7117309570312,13159400,0.0,0.0
2026-03-09,634.780029296875,647.75,626.780029296875,647.3900146484375,646.2372436523438,13489700,0.0,0.0
2026-03-10,653.5599975585938,660.2999877929688,649.0,654.0700073242188,652.9053955078125,9859300,0.0,0.0
2026-03-11,654.760009765625,659.1199951171875,648.3599853515625,654.8599853515625,653.6939697265625,8977200,0.0,0.0
2026-03-12,648.75,653.5,636.9000244140625,638.1799926757812,637.043701171875,11617500,0.0,0.0
2026-03-13,623.8900146484375,629.1699829101562,609.5499877929688,613.7100219726562,612.6171875,18957600,0.0,0.0
2026-03-16,632.0,634.75,623.0999755859375,627.4500122070312,626.8690185546875,15134900,0.525,0.0
2026-03-17,627.989990234375,636.5499877929688,621.7000122070312,622.6599731445312,622.0834350585938,10348800,0.0,0.0
2026-03-18,616.3400268554688,622.6500244140625,614.6099853515625,615.6799926757812,615.1099243164062,11726300,0.0,0.0
2026-03-19,612.1500244140625,613.0,602.260009765625,606.7000122070312,606.1382446289062,13247700,0.0,0.0
2026-03-20,603.530029296875,603.9600219726562,587.25,593.6599731445312,593.1102905273438,21214900,0.0,0.0
2026-03-23,605.7899780273438,608.6400146484375,599.010009765625,604.0599975585938,603.5006713867188,13638000,0.0,0.0
2026-03-24,599.0999755859375,601.0,591.0,592.9199829101562,592.3709716796875,10739700,0.0,0.0
2026-03-25,598.739990234375,603.6699829101562,593.4000244140625,594.8900146484375,594.3391723632812,12585000,0.0,0.0
2026-03-26,582.489990234375,583.0,543.3499755859375,547.5399780273438,547.032958984375,35780100,0.0,0.0
2026-03-27,540.0999755859375,543.5999755859375,520.260009765625,525.719970703125,525.233154296875,30133000,0.0,0.0
2026-03-30,536.3800048828125,539.5499877929688,528.5399780273438,536.3800048828125,535.8833618164062,22795200,0.0,0.0
2026-03-31,549.97998046875,573.6900024414062,546.77001953125,572.1300048828125,571.6002197265625,32898300,0.0,0.0
2026-04-01,580.1300048828125,592.5499877929688,573.8200073242188,579.22998046875,578.6936645507812,23608100,0.0,0.0
2026-04-02,566.0399780273438,578.5,559.7000122070312,574.4600219726562,573.9281005859375,13518500,0.0,0.0
2026-04-06,577.6900024414062,582.7899780273438,572.0,573.02001953125,572.4894409179688,9515700,0.0,0.0
2026-04-07,572.47998046875,575.22998046875,564.760009765625,575.0499877929688,574.5175170898438,9580800,0.0,0.0
2026-04-08,606.0,629.9500122070312,591.8300170898438,612.4199829101562,611.8529052734375,32036600,0.0,0.0
2026-04-09,626.969970703125,637.5,623.0,628.3900146484375,627.8081665039062,19012900,0.0,0.0
2026-04-10,634.469970703125,638.5800170898438,624.3300170898438,629.8599853515625,629.2767333984375,13294800,0.0,0.0
2026-04-13,629.5,635.0,624.4000244140625,634.530029296875,633.9425048828125,9538900,0.0,0.0
2026-04-14,643.219970703125,666.260009765625,639.3699951171875,662.489990234375,661.8765258789062,17818000,0.0,0.0
2026-04-15,667.0,678.5,664.219970703125,671.5800170898438,670.9581909179688,14952600,0.0,0.0
2026-04-16,675.989990234375,677.5800170898438,667.75,676.8699951171875,676.2432250976562,9544800,0.0,0.0
2026-04-17,678.5999755859375,691.52001953125,675.1300048828125,688.5499877929688,687.9124145507812,16283500,0.0,0.0
2026-04-20,681.3599853515625,683.3800048828125,668.0,670.9099731445312,670.2887573242188,12534000,0.0,0.0
2026-04-21,671.0,676.2000122070312,667.3300170898438,668.8400268554688,668.220703125,8660100,0.0,0.0
2026-04-22,674.3599853515625,678.3800048828125,669.75,674.719970703125,674.09521484375,9215600,0.0,0.0
2026-04-23,663.7000122070312,669.5599975585938,653.0499877929688,659.1500244140625,658.5396728515625,11667000,0.0,0.0
2026-04-24,660.3200073242188,680.6699829101562,653.8400268554688,675.030029296875,674.4049682617188,13348300,0.0,0.0
2026-04-27,671.0,682.5,670.8400268554688,678.6199951171875,677.9916381835938,12805200,0.0,0.0
2026-04-28,674.239990234375,678.1799926757812,665.6300048828125,671.3400268554688,670.7183837890625,10606800,0.0,0.0
2026-04-29,668.9099731445312,674.25,663.8099975585938,669.1199951171875,668.5004272460938,18947500,0.0,0.0
2026-04-30,619.3200073242188,620.8499755859375,600.0,611.9099731445312,611.3433837890625,52765000,0.0,0.0
2026-05-01,614.6900024414062,618.8800048828125,606.1099853515625,608.75,608.1863403320312,21404000,0.0,0.0
2026-05-04,607.9400024414062,614.0,602.75,610.4099731445312,609.8447875976562,16203900,0.0,0.0
2026-05-05,613.3099975585938,614.3499755859375,600.3599853515625,604.9600219726562,604.3998413085938,17171300,0.0,0.0
2026-05-06,601.0499877929688,619.9500122070312,598.0999755859375,612.8800048828125,612.3125,19915500,0.0,0.0
2026-05-07,614.719970703125,624.97998046875,613.5399780273438,616.8099975585938,616.2388305664062,12307400,0.0,0.0
2026-05-08,615.2000122070312,616.77001953125,606.0599975585938,609.6300048828125,609.0654907226562,13557000,0.0,0.0
2026-05-11,604.5700073242188,604.9099731445312,598.0800170898438,598.8599853515625,598.3054809570312,15940600,0.0,0.0
2026-05-12,594.8200073242188,603.75,592.5999755859375,603.0,602.441650390625,11351600,0.0,0.0
2026-05-13,598.8300170898438,619.9000244140625,596.6599731445312,616.6300048828125,616.0590209960938,14634400,0.0,0.0
2026-05-14,616.0,623.72998046875,615.0,618.4299926757812,617.8573608398438,10651200,0.0,0.0
2026-05-15,613.989990234375,621.2000122070312,609.3099975585938,614.22998046875,613.6612548828125,13272600,0.0,0.0
2026-05-18,609.1099853515625,615.5900268554688,603.6900024414062,611.2100219726562,610.64404296875,13772400,0.0,0.0
2026-05-19,608.9199829101562,613.9299926757812,600.5499877929688,602.6099853515625,602.052001953125,11749900,0.0,0.0
2026-05-20,600.760009765625,608.0,597.8099975585938,605.0599975585938,604.499755859375,11329700,0.0,0.0
2026-05-21,600.0,609.5999755859375,594.8099975585938,607.3800048828125,606.8175659179688,13476100,0.0,0.0
2026-05-22,607.8800048828125,614.8099975585938,606.9500122070312,610.260009765625,609.6949462890625,11688600,0.0,0.0
2026-05-26,608.8900146484375,614.469970703125,605.2999877929688,612.3400268554688,611.7730102539062,12234200,0.0,0.0
2026-05-27,609.4000244140625,638.5,609.0,635.260009765625,634.6718139648438,23143600,0.0,0.0
2026-05-28,639.5,643.0,629.3099975585938,635.2899780273438,634.7017211914062,16772400,0.0,0.0
2026-05-29,633.5,634.5,623.3499755859375,632.510009765625,631.92431640625,19806500,0.0,0.0
2026-06-01,630.4000244140625,635.75,599.530029296875,600.469970703125,599.9139404296875,29138800,0.0,0.0
2026-06-02,603.239990234375,608.8800048828125,596.6799926757812,597.6300048828125,597.0765991210938,18252000,0.0,0.0
2026-06-03,603.0,624.1500244140625,600.27001953125,622.97998046875,622.4031372070312,23020100,0.0,0.0
2026-06-04,623.6699829101562,642.4000244140625,622.4299926757812,627.5700073242188,626.9888916015625,21469200,0.0,0.0
2026-06-05,623.4600219726562,629.1500244140625,582.9099731445312,593.0,592.450927734375,30091600,0.0,0.0
2026-06-08,592.0,592.0,579.219970703125,585.3900146484375,584.8479614257812,19512400,0.0,0.0
2026-06-09,591.0,597.6300048828125,581.010009765625,584.5900268554688,584.0487060546875,16977400,0.0,0.0
2026-06-10,580.72998046875,591.3200073242188,570.5999755859375,570.97998046875,570.4512939453125,17064000,0.0,0.0
2026-06-11,565.8300170898438,572.1699829101562,557.010009765625,568.4299926757812,567.9036254882812,17628000,0.0,0.0
2026-06-12,572.9500122070312,576.0700073242188,560.9000244140625,566.97998046875,566.4549560546875,14326400,0.0,0.0
2026-06-15,579.9000244140625,601.27001953125,579.2999877929688,593.47998046875,593.47998046875,17653300,0.525,0.0
2026-06-16,593.6500244140625,605.8099975585938,592.0,600.2100219726562,600.2100219726562,11344400,0.0,0.0
2026-06-17,592.0,593.8099975585938,566.1900024414062,567.5800170898438,567.5800170898438,20478300,0.0,0.0
2026-06-18,572.8200073242188,580.219970703125,563.0999755859375,577.219970703125,577.219970703125,28824600,0.0,0.0
2026-06-22,572.02001953125,575.8099975585938,559.8099975585938,563.8499755859375,563.8499755859375,15405500,0.0,0.0
2026-06-23,562.25,572.2000122070312,561.02001953125,562.2000122070312,562.2000122070312,13103300,0.0,0.0
2026-06-24,561.8900146484375,569.0399780273438,555.5499877929688,557.6699829101562,557.6699829101562,13963600,0.0,0.0
2026-06-25,555.5499877929688,556.3400268554688,540.1799926757812,542.8699951171875,542.8699951171875,16968600,0.0,0.0
2026-06-26,543.3400268554688,556.8499755859375,540.4000244140625,550.25,550.25,18867700,0.0,0.0
2026-06-29,560.0,570.9000244140625,558.0,562.5999755859375,562.5999755859375,15011400,0.0,0.0
2026-06-30,560.9400024414062,565.5399780273438,551.4299926757812,563.2899780273438,563.2899780273438,18111100,0.0,0.0
