Ticker,D_Date,D_Final_Decision,D_Final_Decision_Reason,D_Action_Status,D_Score,D_Entry_Timing_Status,D_Classification_Reason,D_Close,D_1H_Bars,D_4H_Bars,D_Intraday_Data_Status,D1_Date,D1_Open,D1_Close,D1_Final_Decision,D1_Final_Decision_Reason,D1_Action_Status,D1_Score,D1_1H_Bars,D1_4H_Bars,D1_Intraday_Data_Status,D2_Date,D2_Open,D2_Close,D2_Final_Decision,D2_Final_Decision_Reason,D2_Action_Status,D2_Score,D2_1H_Bars,D2_4H_Bars,D2_Intraday_Data_Status,Continuation_By_D2,Validation_Result,Validation_Note,Status_String_Check,Reason_String_Check,Daily_Replay_Limitation,File,Primary_D1_Open_Confirm,D1_Close_Confirm,Secondary_D2_Confirm,Double_Confirm_D1_D2,Primary_Validation_Result,Secondary_Validation_Result
PL,2026-05-06,MOMENTUM_PRESENT_WAIT_CONFIRMATION,5D extension above 12.0% | relative volume below 1.0x,Actionable Momentum Candidate,91,Clean,,39.68999862670898,17,5,OK,2026-05-07,39.52000045776367,35.2400016784668,MOMENTUM_PRESENT_WAIT_CONFIRMATION,close location below 50.0%,Actionable Momentum Candidate,87,17,5,OK,2026-05-08,36.400001525878906,39.040000915527344,MOMENTUM_ACTIVE,all confirmation gates passed,Actionable Momentum Candidate,91,17,5,OK,False,PASS_WAIT,Momentum is present but not active; continuation is observed but not required.,OK,OK,Historical extended-hours quote status is not replayable from daily bars. Historical 1H/4H candle availability is recorded per row.,backtests\V5_FinalDecision_May06_R1_D2026-05-06_Validation_20260702.csv,False,False,False,False,NOT_MOMENTUM_ACTIVE,NOT_MOMENTUM_ACTIVE
ICHR,2026-05-06,MOMENTUM_PRESENT_WAIT_CONFIRMATION,last 3H selling | 2+ bearish hourly candles | last 1H bearish,Downgraded - Wait,69,Wait - Intraday Selling,last 3H selling | 2+ bearish hourly candles | last 1H bearish,72.51000213623047,17,5,OK,2026-05-07,72.72000122070312,71.2300033569336,MOMENTUM_PRESENT_WAIT_CONFIRMATION,pullback on above-average volume | 2+ bearish hourly candles | last 1H bearish,Downgraded - Wait,69,16,5,OK,2026-05-08,74.66999816894531,74.41999816894531,MOMENTUM_PRESENT_WAIT_CONFIRMATION,last 1H bearish,Downgraded - Wait,69,16,5,OK,True,OBSERVE_CONTINUED,Momentum is present but not active; continuation is observed but not required.,OK,OK,Historical extended-hours quote status is not replayable from daily bars. Historical 1H/4H candle availability is recorded per row.,backtests\V5_FinalDecision_May06_R1_D2026-05-06_Validation_20260702.csv,True,False,True,True,NOT_MOMENTUM_ACTIVE,NOT_MOMENTUM_ACTIVE
IPGP,2026-05-06,REJECT,below EMA20 with deep 20D-high pullback | 2+ bearish hourly candles | last 1H bearish,Avoid,48,Wait - Last Hour Bearish,below EMA20 with deep 20D-high pullback | 2+ bearish hourly candles | last 1H bearish,101.94000244140624,17,5,OK,2026-05-07,102.25,101.52999877929688,REJECT,below EMA20 with deep 20D-high pullback | pullback on above-average volume | last 1H bearish,Avoid,48,17,5,OK,2026-05-08,105.0,104.48999786376952,REJECT,below EMA20 with deep 20D-high pullback | last 3H selling | 2+ bearish hourly candles,Avoid,48,15,5,OK,True,FLAG_REVIEW,Rejected rows should not show clean immediate continuation without review.,OK,OK,Historical extended-hours quote status is not replayable from daily bars. Historical 1H/4H candle availability is recorded per row.,backtests\V5_FinalDecision_May06_R1_D2026-05-06_Validation_20260702.csv,True,False,True,True,NOT_MOMENTUM_ACTIVE,NOT_MOMENTUM_ACTIVE
MPWR,2026-05-06,REJECT,distribution cluster,Avoid,40,Wait - Last Hour Bearish,distribution cluster,1652.3499755859375,17,5,OK,2026-05-07,1636.3299560546875,1575.9599609375,REJECT,distribution cluster,Rejected - Distribution Risk,25,17,5,OK,2026-05-08,1608.6400146484375,1600.8399658203125,REJECT,distribution cluster,Avoid,40,17,5,OK,False,PASS_REJECT,Rejected rows should not show clean immediate continuation without review.,OK,OK,Historical extended-hours quote status is not replayable from daily bars. Historical 1H/4H candle availability is recorded per row.,backtests\V5_FinalDecision_May06_R1_D2026-05-06_Validation_20260702.csv,False,False,False,False,NOT_MOMENTUM_ACTIVE,NOT_MOMENTUM_ACTIVE
VICR,2026-05-06,REJECT,distribution cluster,Avoid,40,Clean,distribution cluster,280.3399963378906,17,5,OK,2026-05-07,277.25,261.3399963378906,REJECT,distribution cluster,Rejected - Distribution Risk,25,17,5,OK,2026-05-08,272.0,256.4700012207031,REJECT,distribution cluster,Avoid,40,16,5,OK,False,PASS_REJECT,Rejected rows should not show clean immediate continuation without review.,OK,OK,Historical extended-hours quote status is not replayable from daily bars. Historical 1H/4H candle availability is recorded per row.,backtests\V5_FinalDecision_May06_R1_D2026-05-06_Validation_20260702.csv,False,False,False,False,NOT_MOMENTUM_ACTIVE,NOT_MOMENTUM_ACTIVE
CDNS,2026-05-06,REJECT,weekly mixed | not outperforming SPY,Avoid,35,Wait - Last Hour Bearish,weekly mixed | not outperforming SPY,354.8999938964844,17,5,OK,2026-05-07,358.0,356.8999938964844,REJECT,weekly mixed | not outperforming SPY,Avoid,35,17,5,OK,2026-05-08,356.0799865722656,362.7000122070313,REJECT,weekly mixed,Avoid,45,17,5,OK,True,FLAG_REVIEW,Rejected rows should not show clean immediate continuation without review.,OK,OK,Historical extended-hours quote status is not replayable from daily bars. Historical 1H/4H candle availability is recorded per row.,backtests\V5_FinalDecision_May06_R1_D2026-05-06_Validation_20260702.csv,True,True,True,True,NOT_MOMENTUM_ACTIVE,NOT_MOMENTUM_ACTIVE
AIFF,2026-05-06,REJECT,below EMA200 | weekly mixed | not outperforming SPY,Avoid,20,Wait - Daily Pullback Risk,below EMA200 | weekly mixed | not outperforming SPY,1.9299999475479128,16,5,OK,2026-05-07,1.950000047683716,1.899999976158142,REJECT,below EMA200 | weekly mixed,Avoid,20,16,5,OK,2026-05-08,1.909999966621399,1.8899999856948853,REJECT,below EMA200 | weekly mixed | not outperforming SPY,Avoid,20,16,5,OK,True,FLAG_REVIEW,Rejected rows should not show clean immediate continuation without review.,OK,OK,Historical extended-hours quote status is not replayable from daily bars. Historical 1H/4H candle availability is recorded per row.,backtests\V5_FinalDecision_May06_R1_D2026-05-06_Validation_20260702.csv,True,False,False,False,NOT_MOMENTUM_ACTIVE,NOT_MOMENTUM_ACTIVE
XTIA,2026-05-06,REJECT,below EMA200,Avoid,20,Wait - Last Hour Bearish,below EMA200,1.840000033378601,17,5,OK,2026-05-07,1.850000023841858,1.809999942779541,REJECT,below EMA200,Avoid,20,16,5,OK,2026-05-08,1.809999942779541,1.75,REJECT,below EMA200 | weekly mixed,Rejected - Distribution Risk,20,16,5,OK,True,FLAG_REVIEW,Rejected rows should not show clean immediate continuation without review.,OK,OK,Historical extended-hours quote status is not replayable from daily bars. Historical 1H/4H candle availability is recorded per row.,backtests\V5_FinalDecision_May06_R1_D2026-05-06_Validation_20260702.csv,True,False,False,False,NOT_MOMENTUM_ACTIVE,NOT_MOMENTUM_ACTIVE
INOD,2026-05-06,REJECT,below EMA200 | weekly downtrend | not outperforming SPY,Avoid,12,Clean,below EMA200 | weekly downtrend | not outperforming SPY,46.5099983215332,17,5,OK,2026-05-07,47.209999084472656,45.63999938964844,REJECT,below EMA200 | weekly downtrend | not outperforming SPY,Avoid,0,17,5,OK,2026-05-08,72.91999816894531,84.88999938964844,REJECT,weekly mixed,Avoid,42,17,5,OK,True,FLAG_REVIEW,Rejected rows should not show clean immediate continuation without review.,OK,OK,Historical extended-hours quote status is not replayable from daily bars. Historical 1H/4H candle availability is recorded per row.,backtests\V5_FinalDecision_May06_R1_D2026-05-06_Validation_20260702.csv,True,False,True,True,NOT_MOMENTUM_ACTIVE,NOT_MOMENTUM_ACTIVE
TLS,2026-05-06,REJECT,below EMA200 | weekly downtrend | not outperforming SPY,Avoid,12,Wait - Daily Pullback Risk,below EMA200 | weekly downtrend | not outperforming SPY,4.199999809265137,15,5,OK,2026-05-07,4.25,4.420000076293945,REJECT,below EMA200 | weekly downtrend | not outperforming SPY,Avoid,12,15,5,OK,2026-05-08,4.449999809265137,4.480000019073486,REJECT,below EMA200 | weekly downtrend | not outperforming SPY,Avoid,12,15,5,OK,True,FLAG_REVIEW,Rejected rows should not show clean immediate continuation without review.,OK,OK,Historical extended-hours quote status is not replayable from daily bars. Historical 1H/4H candle availability is recorded per row.,backtests\V5_FinalDecision_May06_R1_D2026-05-06_Validation_20260702.csv,True,True,True,True,NOT_MOMENTUM_ACTIVE,NOT_MOMENTUM_ACTIVE
ASST,2026-05-06,REJECT,below EMA200 | weekly downtrend | not outperforming SPY,Avoid,8,Wait - Last Hour Bearish,below EMA200 | weekly downtrend | not outperforming SPY,16.280000686645508,17,5,OK,2026-05-07,15.979999542236328,15.460000038146973,REJECT,below EMA200 | weekly downtrend | not outperforming SPY,Rejected - Distribution Risk,8,17,5,OK,2026-05-08,15.40999984741211,15.920000076293944,REJECT,below EMA200 | weekly mixed | not outperforming SPY,Avoid,20,17,5,OK,False,PASS_REJECT,Rejected rows should not show clean immediate continuation without review.,OK,OK,Historical extended-hours quote status is not replayable from daily bars. Historical 1H/4H candle availability is recorded per row.,backtests\V5_FinalDecision_May06_R1_D2026-05-06_Validation_20260702.csv,False,False,False,False,NOT_MOMENTUM_ACTIVE,NOT_MOMENTUM_ACTIVE
ZOOZ,2026-05-06,REJECT,below EMA200 | weekly downtrend | not outperforming SPY,Avoid,4,Wait - Intraday Selling,below EMA200 | weekly downtrend | not outperforming SPY,6.480000019073486,15,5,OK,2026-05-07,6.360000133514404,5.860000133514404,REJECT,below EMA200 | weekly downtrend | not outperforming SPY,Avoid,0,13,5,OK,2026-05-08,6.0,5.840000152587891,REJECT,below EMA200 | weekly downtrend | not outperforming SPY,Avoid,0,12,5,OK,False,PASS_REJECT,Rejected rows should not show clean immediate continuation without review.,OK,OK,Historical extended-hours quote status is not replayable from daily bars. Historical 1H/4H candle availability is recorded per row.,backtests\V5_FinalDecision_May06_R1_D2026-05-06_Validation_20260702.csv,False,False,False,False,NOT_MOMENTUM_ACTIVE,NOT_MOMENTUM_ACTIVE
ZS,2026-05-06,REJECT,below EMA200 | weekly downtrend | not outperforming SPY,Avoid,3,Clean,below EMA200 | weekly downtrend | not outperforming SPY,138.8300018310547,17,5,OK,2026-05-07,148.0,152.7899932861328,REJECT,below EMA200 | weekly downtrend | not outperforming SPY,Avoid,3,17,5,OK,2026-05-08,149.33999633789062,152.1300048828125,REJECT,below EMA200 | weekly downtrend | not outperforming SPY,Avoid,3,17,5,OK,True,FLAG_REVIEW,Rejected rows should not show clean immediate continuation without review.,OK,OK,Historical extended-hours quote status is not replayable from daily bars. Historical 1H/4H candle availability is recorded per row.,backtests\V5_FinalDecision_May06_R1_D2026-05-06_Validation_20260702.csv,True,True,True,True,NOT_MOMENTUM_ACTIVE,NOT_MOMENTUM_ACTIVE
AEYE,2026-05-06,REJECT,below EMA200 | weekly downtrend | not outperforming SPY | distribution cluster,Avoid,0,Clean,below EMA200 | weekly downtrend | not outperforming SPY | distribution cluster,7.659999847412109,15,5,OK,2026-05-07,7.679999828338623,8.09000015258789,REJECT,below EMA200 | weekly downtrend | not outperforming SPY | distribution cluster,Avoid,0,14,5,OK,2026-05-08,8.039999961853027,7.860000133514404,REJECT,below EMA200 | weekly downtrend | not outperforming SPY | distribution cluster,Avoid,0,12,4,OK,True,FLAG_REVIEW,Rejected rows should not show clean immediate continuation without review.,OK,OK,Historical extended-hours quote status is not replayable from daily bars. Historical 1H/4H candle availability is recorded per row.,backtests\V5_FinalDecision_May06_R1_D2026-05-06_Validation_20260702.csv,True,True,True,True,NOT_MOMENTUM_ACTIVE,NOT_MOMENTUM_ACTIVE
DOMO,2026-05-06,REJECT,below EMA200 | weekly downtrend | not outperforming SPY,Avoid,0,Clean,below EMA200 | weekly downtrend | not outperforming SPY,3.809999942779541,14,5,OK,2026-05-07,3.880000114440918,3.920000076293945,REJECT,below EMA200 | weekly downtrend | not outperforming SPY,Avoid,0,13,5,OK,2026-05-08,3.890000104904175,3.839999914169312,REJECT,below EMA200 | weekly downtrend | not outperforming SPY,Avoid,0,11,3,OK,True,FLAG_REVIEW,Rejected rows should not show clean immediate continuation without review.,OK,OK,Historical extended-hours quote status is not replayable from daily bars. Historical 1H/4H candle availability is recorded per row.,backtests\V5_FinalDecision_May06_R1_D2026-05-06_Validation_20260702.csv,True,True,True,True,NOT_MOMENTUM_ACTIVE,NOT_MOMENTUM_ACTIVE
FNGR,2026-05-06,REJECT,below EMA200 | weekly downtrend | not outperforming SPY | distribution cluster,Avoid,0,Wait - Daily Pullback Risk,below EMA200 | weekly downtrend | not outperforming SPY | distribution cluster,0.902999997138977,13,5,OK,2026-05-07,0.9100000262260436,0.8610000014305115,REJECT,below EMA200 | weekly downtrend | not outperforming SPY | distribution cluster,Avoid,0,16,5,OK,2026-05-08,0.8370000123977661,0.8199999928474426,REJECT,below EMA200 | weekly downtrend | not outperforming SPY | distribution cluster,Avoid,0,14,5,OK,True,FLAG_REVIEW,Rejected rows should not show clean immediate continuation without review.,OK,OK,Historical extended-hours quote status is not replayable from daily bars. Historical 1H/4H candle availability is recorded per row.,backtests\V5_FinalDecision_May06_R1_D2026-05-06_Validation_20260702.csv,True,False,False,False,NOT_MOMENTUM_ACTIVE,NOT_MOMENTUM_ACTIVE
HPAI,2026-05-06,REJECT,below EMA200 | weekly downtrend | not outperforming SPY,Avoid,0,Wait - Daily Pullback Risk,below EMA200 | weekly downtrend | not outperforming SPY,1.149999976158142,15,5,OK,2026-05-07,1.149999976158142,0.9900000095367432,REJECT,below EMA200 | weekly downtrend | not outperforming SPY | distribution cluster,Avoid,0,15,5,OK,2026-05-08,0.9300000071525574,0.9860000014305116,REJECT,below EMA200 | weekly downtrend | not outperforming SPY | distribution cluster,Avoid,0,17,5,OK,False,PASS_REJECT,Rejected rows should not show clean immediate continuation without review.,OK,OK,Historical extended-hours quote status is not replayable from daily bars. Historical 1H/4H candle availability is recorded per row.,backtests\V5_FinalDecision_May06_R1_D2026-05-06_Validation_20260702.csv,False,False,False,False,NOT_MOMENTUM_ACTIVE,NOT_MOMENTUM_ACTIVE
IBM,2026-05-06,REJECT,below EMA200 | weekly downtrend | not outperforming SPY,Avoid,0,Wait - Last Hour Bearish,below EMA200 | weekly downtrend | not outperforming SPY,225.7400054931641,17,5,OK,2026-05-07,227.5,231.30999755859372,REJECT,below EMA200 | weekly downtrend | not outperforming SPY,Avoid,0,17,5,OK,2026-05-08,229.72999572753903,229.75999450683597,REJECT,below EMA200 | weekly downtrend | not outperforming SPY,Avoid,0,17,5,OK,True,FLAG_REVIEW,Rejected rows should not show clean immediate continuation without review.,OK,OK,Historical extended-hours quote status is not replayable from daily bars. Historical 1H/4H candle availability is recorded per row.,backtests\V5_FinalDecision_May06_R1_D2026-05-06_Validation_20260702.csv,True,True,True,True,NOT_MOMENTUM_ACTIVE,NOT_MOMENTUM_ACTIVE
SNAL,2026-05-06,REJECT,below EMA200 | weekly downtrend | not outperforming SPY | distribution cluster,Rejected - Distribution Risk,0,Failed - Distribution Risk,below EMA200 | weekly downtrend | not outperforming SPY | distribution cluster,0.5460000038146973,16,5,OK,2026-05-07,0.5360000133514404,0.5120000243186951,REJECT,below EMA200 | weekly downtrend | not outperforming SPY | distribution cluster,Avoid,0,16,5,OK,2026-05-08,0.5009999871253967,0.4799999892711639,REJECT,below EMA200 | weekly downtrend | not outperforming SPY | distribution cluster,Rejected - Distribution Risk,0,15,5,OK,False,PASS_REJECT,Rejected rows should not show clean immediate continuation without review.,OK,OK,Historical extended-hours quote status is not replayable from daily bars. Historical 1H/4H candle availability is recorded per row.,backtests\V5_FinalDecision_May06_R1_D2026-05-06_Validation_20260702.csv,False,False,False,False,NOT_MOMENTUM_ACTIVE,NOT_MOMENTUM_ACTIVE
CAMT,2026-05-06,MOMENTUM_PRESENT_WAIT_CONFIRMATION,relative volume below 1.0x,Actionable Momentum Candidate,100,Clean,,202.5399932861328,17,5,OK,2026-05-07,199.8999938964844,193.0800018310547,REJECT,lower high and lower low | daily distribution | last 3H selling | 2+ bearish hourly candles | last 1H bearish,Rejected - Distribution Risk,25,15,5,OK,2026-05-08,194.27999877929688,205.5399932861328,MOMENTUM_PRESENT_WAIT_CONFIRMATION,relative volume below 1.0x,Actionable Momentum Candidate,100,16,5,OK,True,OBSERVE_CONTINUED,Momentum is present but not active; continuation is observed but not required.,OK,OK,Historical extended-hours quote status is not replayable from daily bars. Historical 1H/4H candle availability is recorded per row.,backtests\V5_FinalDecision_May06_R2_D2026-05-06_Validation_20260702.csv,False,False,True,False,NOT_MOMENTUM_ACTIVE,NOT_MOMENTUM_ACTIVE
CVV,2026-05-06,MOMENTUM_PRESENT_WAIT_CONFIRMATION,ATR above 10.0% | 5D extension above 12.0% | 10D extension above 20.0%,Actionable Momentum Candidate,93,Clean,last 3H selling,8.050000190734863,13,5,OK,2026-05-07,7.949999809265137,6.980000019073486,MOMENTUM_PRESENT_WAIT_CONFIRMATION,ATR above 10.0% | 10D extension above 20.0% | close location below 50.0%,Actionable Momentum Candidate,89,15,5,OK,2026-05-08,6.980000019073486,7.090000152587891,MOMENTUM_PRESENT_WAIT_CONFIRMATION,ATR above 10.0% | relative volume below 1.0x,Actionable Momentum Candidate,89,15,5,OK,False,PASS_WAIT,Momentum is present but not active; continuation is observed but not required.,OK,OK,Historical extended-hours quote status is not replayable from daily bars. Historical 1H/4H candle availability is recorded per row.,backtests\V5_FinalDecision_May06_R2_D2026-05-06_Validation_20260702.csv,False,False,False,False,NOT_MOMENTUM_ACTIVE,NOT_MOMENTUM_ACTIVE
ASTI,2026-05-06,REJECT,not qualified,Avoid,54,Clean,,4.449999809265137,17,5,OK,2026-05-07,4.440000057220459,3.880000114440918,REJECT,below EMA200 | excess volatility,Avoid,20,15,5,OK,2026-05-08,4.006999969482422,4.320000171661377,REJECT,below EMA20 with deep 20D-high pullback,Avoid,54,15,5,OK,False,PASS_REJECT,Rejected rows should not show clean immediate continuation without review.,OK,OK,Historical extended-hours quote status is not replayable from daily bars. Historical 1H/4H candle availability is recorded per row.,backtests\V5_FinalDecision_May06_R2_D2026-05-06_Validation_20260702.csv,False,False,False,False,NOT_MOMENTUM_ACTIVE,NOT_MOMENTUM_ACTIVE
MRCY,2026-05-06,REJECT,weekly mixed | distribution cluster,Avoid,40,Wait - Last Hour Bearish,weekly mixed | distribution cluster,91.66000366210938,12,5,OK,2026-05-07,92.98999786376952,88.05999755859375,REJECT,weekly mixed | distribution cluster,Avoid,40,13,5,OK,2026-05-08,89.29000091552734,90.33999633789062,REJECT,distribution cluster,Avoid,40,12,5,OK,True,FLAG_REVIEW,Rejected rows should not show clean immediate continuation without review.,OK,OK,Historical extended-hours quote status is not replayable from daily bars. Historical 1H/4H candle availability is recorded per row.,backtests\V5_FinalDecision_May06_R2_D2026-05-06_Validation_20260702.csv,True,False,False,False,NOT_MOMENTUM_ACTIVE,NOT_MOMENTUM_ACTIVE
VIAV,2026-05-06,REJECT,distribution cluster,Avoid,40,Clean,distribution cluster,53.0,17,5,OK,2026-05-07,52.0,51.04999923706055,REJECT,distribution cluster,Avoid,40,17,5,OK,2026-05-08,52.18999862670898,51.209999084472656,REJECT,distribution cluster,Avoid,40,17,5,OK,False,PASS_REJECT,Rejected rows should not show clean immediate continuation without review.,OK,OK,Historical extended-hours quote status is not replayable from daily bars. Historical 1H/4H candle availability is recorded per row.,backtests\V5_FinalDecision_May06_R2_D2026-05-06_Validation_20260702.csv,False,False,False,False,NOT_MOMENTUM_ACTIVE,NOT_MOMENTUM_ACTIVE
JOYY,2026-05-06,REJECT,weekly mixed | not outperforming SPY,Avoid,35,Clean,weekly mixed | not outperforming SPY,60.27000045776367,11,5,OK,2026-05-07,60.20000076293945,59.0,REJECT,weekly mixed | not outperforming SPY,Avoid,35,9,3,OK,2026-05-08,58.540000915527344,58.880001068115234,REJECT,weekly mixed | not outperforming SPY,Avoid,35,12,4,OK,False,PASS_REJECT,Rejected rows should not show clean immediate continuation without review.,OK,OK,Historical extended-hours quote status is not replayable from daily bars. Historical 1H/4H candle availability is recorded per row.,backtests\V5_FinalDecision_May06_R2_D2026-05-06_Validation_20260702.csv,False,False,False,False,NOT_MOMENTUM_ACTIVE,NOT_MOMENTUM_ACTIVE
NEXN,2026-05-06,REJECT,weekly mixed | not outperforming SPY,Avoid,35,Clean,weekly mixed | not outperforming SPY,7.630000114440918,11,4,OK,2026-05-07,7.670000076293945,7.730000019073486,REJECT,weekly mixed | not outperforming SPY,Avoid,35,8,3,OK,2026-05-08,7.639999866485596,7.690000057220459,REJECT,weekly mixed | not outperforming SPY,Avoid,32,8,3,OK,True,FLAG_REVIEW,Rejected rows should not show clean immediate continuation without review.,OK,OK,Historical extended-hours quote status is not replayable from daily bars. Historical 1H/4H candle availability is recorded per row.,backtests\V5_FinalDecision_May06_R2_D2026-05-06_Validation_20260702.csv,True,True,True,True,NOT_MOMENTUM_ACTIVE,NOT_MOMENTUM_ACTIVE
CRNC,2026-05-06,REJECT,weekly mixed | not outperforming SPY,Avoid,23,Clean,weekly mixed | not outperforming SPY,10.1899995803833,15,5,OK,2026-05-07,10.270000457763672,10.539999961853027,REJECT,weekly mixed,Avoid,27,15,5,OK,2026-05-08,9.84000015258789,9.869999885559082,REJECT,weekly mixed | not outperforming SPY,Avoid,11,15,5,OK,True,FLAG_REVIEW,Rejected rows should not show clean immediate continuation without review.,OK,OK,Historical extended-hours quote status is not replayable from daily bars. Historical 1H/4H candle availability is recorded per row.,backtests\V5_FinalDecision_May06_R2_D2026-05-06_Validation_20260702.csv,True,True,False,False,NOT_MOMENTUM_ACTIVE,NOT_MOMENTUM_ACTIVE
GRND,2026-05-06,REJECT,below EMA200 | weekly mixed | not outperforming SPY,Avoid,20,Clean,below EMA200 | weekly mixed | not outperforming SPY,13.489999771118164,17,5,OK,2026-05-07,13.510000228881836,13.8100004196167,REJECT,weekly mixed | not outperforming SPY,Avoid,35,16,5,OK,2026-05-08,14.760000228881836,15.09000015258789,REJECT,weekly mixed,Avoid,45,16,5,OK,True,FLAG_REVIEW,Rejected rows should not show clean immediate continuation without review.,OK,OK,Historical extended-hours quote status is not replayable from daily bars. Historical 1H/4H candle availability is recorded per row.,backtests\V5_FinalDecision_May06_R2_D2026-05-06_Validation_20260702.csv,True,True,True,True,NOT_MOMENTUM_ACTIVE,NOT_MOMENTUM_ACTIVE
PHUN,2026-05-06,REJECT,below EMA200 | weekly mixed | not outperforming SPY,Avoid,19,Wait - Daily Pullback Risk,below EMA200 | weekly mixed | not outperforming SPY,2.009999990463257,12,5,OK,2026-05-07,2.0199999809265137,2.0199999809265137,REJECT,below EMA200 | weekly mixed | not outperforming SPY,Avoid,20,11,5,OK,2026-05-08,1.9900000095367432,2.0,REJECT,below EMA200 | weekly downtrend | not outperforming SPY,Avoid,12,13,5,OK,True,FLAG_REVIEW,Rejected rows should not show clean immediate continuation without review.,OK,OK,Historical extended-hours quote status is not replayable from daily bars. Historical 1H/4H candle availability is recorded per row.,backtests\V5_FinalDecision_May06_R2_D2026-05-06_Validation_20260702.csv,True,True,False,False,NOT_MOMENTUM_ACTIVE,NOT_MOMENTUM_ACTIVE
PRCH,2026-05-06,REJECT,weekly mixed | not outperforming SPY,Avoid,15,Clean,weekly mixed | not outperforming SPY,11.100000381469728,14,5,OK,2026-05-07,11.100000381469728,11.279999732971191,REJECT,weekly mixed | not outperforming SPY,Avoid,29,12,4,OK,2026-05-08,11.279999732971191,10.970000267028809,REJECT,weekly mixed | not outperforming SPY,Avoid,15,12,5,OK,True,FLAG_REVIEW,Rejected rows should not show clean immediate continuation without review.,OK,OK,Historical extended-hours quote status is not replayable from daily bars. Historical 1H/4H candle availability is recorded per row.,backtests\V5_FinalDecision_May06_R2_D2026-05-06_Validation_20260702.csv,False,True,True,False,NOT_MOMENTUM_ACTIVE,NOT_MOMENTUM_ACTIVE
ARQQ,2026-05-06,REJECT,below EMA200 | weekly downtrend | not outperforming SPY,Avoid,8,Wait - Intraday Selling,below EMA200 | weekly downtrend | not outperforming SPY,15.68000030517578,17,5,OK,2026-05-07,15.43000030517578,15.43000030517578,REJECT,below EMA200 | weekly downtrend | not outperforming SPY,Avoid,0,17,5,OK,2026-05-08,15.43000030517578,14.960000038146973,REJECT,below EMA200 | weekly downtrend | not outperforming SPY,Avoid,0,16,5,OK,False,PASS_REJECT,Rejected rows should not show clean immediate continuation without review.,OK,OK,Historical extended-hours quote status is not replayable from daily bars. Historical 1H/4H candle availability is recorded per row.,backtests\V5_FinalDecision_May06_R2_D2026-05-06_Validation_20260702.csv,False,False,False,False,NOT_MOMENTUM_ACTIVE,NOT_MOMENTUM_ACTIVE
TRAK,2026-05-06,REJECT,below EMA200 | weekly downtrend | not outperforming SPY | distribution cluster,Avoid,3,Clean,below EMA200 | weekly downtrend | not outperforming SPY | distribution cluster,9.720000267028809,12,4,OK,2026-05-07,9.890000343322754,10.149999618530272,REJECT,below EMA200 | weekly downtrend | not outperforming SPY | distribution cluster,Avoid,3,15,5,OK,2026-05-08,10.029999732971191,10.229999542236328,REJECT,below EMA200 | weekly downtrend | not outperforming SPY | distribution cluster,Avoid,3,14,5,OK,True,FLAG_REVIEW,Rejected rows should not show clean immediate continuation without review.,OK,OK,Historical extended-hours quote status is not replayable from daily bars. Historical 1H/4H candle availability is recorded per row.,backtests\V5_FinalDecision_May06_R2_D2026-05-06_Validation_20260702.csv,True,True,True,True,NOT_MOMENTUM_ACTIVE,NOT_MOMENTUM_ACTIVE
AEYE,2026-05-06,REJECT,below EMA200 | weekly downtrend | not outperforming SPY | distribution cluster,Avoid,0,Clean,below EMA200 | weekly downtrend | not outperforming SPY | distribution cluster,7.659999847412109,15,5,OK,2026-05-07,7.679999828338623,8.09000015258789,REJECT,below EMA200 | weekly downtrend | not outperforming SPY | distribution cluster,Avoid,0,14,5,OK,2026-05-08,8.039999961853027,7.860000133514404,REJECT,below EMA200 | weekly downtrend | not outperforming SPY | distribution cluster,Avoid,0,12,4,OK,True,FLAG_REVIEW,Rejected rows should not show clean immediate continuation without review.,OK,OK,Historical extended-hours quote status is not replayable from daily bars. Historical 1H/4H candle availability is recorded per row.,backtests\V5_FinalDecision_May06_R2_D2026-05-06_Validation_20260702.csv,True,True,True,True,NOT_MOMENTUM_ACTIVE,NOT_MOMENTUM_ACTIVE
FSLR,2026-05-06,REJECT,weekly downtrend | not outperforming SPY,Avoid,0,Wait - Last Hour Bearish,weekly downtrend | not outperforming SPY,218.0,17,5,OK,2026-05-07,218.8999938964844,214.57000732421875,REJECT,weekly downtrend | not outperforming SPY,Avoid,0,17,5,OK,2026-05-08,216.9199981689453,219.9499969482422,REJECT,weekly downtrend | not outperforming SPY,Avoid,2,17,5,OK,True,FLAG_REVIEW,Rejected rows should not show clean immediate continuation without review.,OK,OK,Historical extended-hours quote status is not replayable from daily bars. Historical 1H/4H candle availability is recorded per row.,backtests\V5_FinalDecision_May06_R2_D2026-05-06_Validation_20260702.csv,True,False,True,True,NOT_MOMENTUM_ACTIVE,NOT_MOMENTUM_ACTIVE
PCTY,2026-05-06,REJECT,below EMA200 | weekly downtrend | not outperforming SPY,Avoid,0,Wait - Daily Pullback Risk,below EMA200 | weekly downtrend | not outperforming SPY,102.52999877929688,12,5,OK,2026-05-07,104.36000061035156,109.12000274658205,REJECT,below EMA200 | weekly downtrend | not outperforming SPY,Avoid,8,13,5,OK,2026-05-08,114.9499969482422,110.9800033569336,REJECT,below EMA200 | weekly downtrend | not outperforming SPY,Avoid,8,11,4,OK,True,FLAG_REVIEW,Rejected rows should not show clean immediate continuation without review.,OK,OK,Historical extended-hours quote status is not replayable from daily bars. Historical 1H/4H candle availability is recorded per row.,backtests\V5_FinalDecision_May06_R2_D2026-05-06_Validation_20260702.csv,True,True,True,True,NOT_MOMENTUM_ACTIVE,NOT_MOMENTUM_ACTIVE
ROP,2026-05-06,REJECT,below EMA200 | weekly downtrend | not outperforming SPY,Avoid,0,Wait - Last Hour Bearish,below EMA200 | weekly downtrend | not outperforming SPY,350.260009765625,16,5,OK,2026-05-07,350.260009765625,352.44000244140625,REJECT,below EMA200 | weekly downtrend | not outperforming SPY,Avoid,5,14,5,OK,2026-05-08,349.8999938964844,343.32000732421875,REJECT,below EMA200 | weekly downtrend | not outperforming SPY,Avoid,5,14,5,OK,False,PASS_REJECT,Rejected rows should not show clean immediate continuation without review.,OK,OK,Historical extended-hours quote status is not replayable from daily bars. Historical 1H/4H candle availability is recorded per row.,backtests\V5_FinalDecision_May06_R2_D2026-05-06_Validation_20260702.csv,False,True,False,False,NOT_MOMENTUM_ACTIVE,NOT_MOMENTUM_ACTIVE
TEM,2026-05-06,REJECT,below EMA200 | weekly downtrend | not outperforming SPY | distribution cluster,Avoid,0,Clean,below EMA200 | weekly downtrend | not outperforming SPY | distribution cluster,53.5,17,5,OK,2026-05-07,53.310001373291016,49.470001220703125,REJECT,below EMA200 | weekly downtrend | not outperforming SPY | distribution cluster,Avoid,0,17,5,OK,2026-05-08,49.34999847412109,49.86000061035156,REJECT,below EMA200 | weekly downtrend | not outperforming SPY | distribution cluster,Avoid,0,17,5,OK,False,PASS_REJECT,Rejected rows should not show clean immediate continuation without review.,OK,OK,Historical extended-hours quote status is not replayable from daily bars. Historical 1H/4H candle availability is recorded per row.,backtests\V5_FinalDecision_May06_R2_D2026-05-06_Validation_20260702.csv,False,False,False,False,NOT_MOMENTUM_ACTIVE,NOT_MOMENTUM_ACTIVE
ETN,2026-05-06,MOMENTUM_PRESENT_WAIT_CONFIRMATION,RS excess below 5.0%,Actionable Momentum Candidate,95,Clean,,421.3900146484375,17,5,OK,2026-05-07,419.0,399.1499938964844,REJECT,not outperforming SPY,Avoid,35,17,5,OK,2026-05-08,400.55999755859375,401.510009765625,REJECT,not outperforming SPY,Avoid,35,17,5,OK,False,PASS_WAIT,Momentum is present but not active; continuation is observed but not required.,OK,OK,Historical extended-hours quote status is not replayable from daily bars. Historical 1H/4H candle availability is recorded per row.,backtests\V5_FinalDecision_May06_R3_D2026-05-06_Validation_20260702.csv,False,False,False,False,NOT_MOMENTUM_ACTIVE,NOT_MOMENTUM_ACTIVE
RNG,2026-05-06,MOMENTUM_PRESENT_WAIT_CONFIRMATION,5D extension above 12.0% | close location below 50.0%,Actionable Momentum Candidate,88,Clean,lower high and lower low | pullback on above-average volume | daily distribution,45.720001220703125,17,5,OK,2026-05-07,46.880001068115234,45.38999938964844,MOMENTUM_PRESENT_WAIT_CONFIRMATION,pullback on above-average volume | last 3H selling | 2+ bearish hourly candles,Downgraded - Wait,69,16,5,OK,2026-05-08,44.63999938964844,45.630001068115234,MOMENTUM_ACTIVE,all confirmation gates passed,Actionable Momentum Candidate,96,16,5,OK,True,OBSERVE_CONTINUED,Momentum is present but not active; continuation is observed but not required.,OK,OK,Historical extended-hours quote status is not replayable from daily bars. Historical 1H/4H candle availability is recorded per row.,backtests\V5_FinalDecision_May06_R3_D2026-05-06_Validation_20260702.csv,True,False,False,False,NOT_MOMENTUM_ACTIVE,NOT_MOMENTUM_ACTIVE
SIMO,2026-05-06,MOMENTUM_PRESENT_WAIT_CONFIRMATION,2+ bearish hourly candles | last 1H bearish,Downgraded - Wait,69,Wait - Last Hour Bearish,2+ bearish hourly candles | last 1H bearish,244.9499969482422,17,5,OK,2026-05-07,242.8500061035156,242.7100067138672,MOMENTUM_PRESENT_WAIT_CONFIRMATION,10D extension above 20.0% | close location below 50.0%,Actionable Momentum Candidate,91,17,5,OK,2026-05-08,251.17999267578125,253.58999633789065,MOMENTUM_PRESENT_WAIT_CONFIRMATION,2+ bearish hourly candles | last 1H bearish,Downgraded - Wait,69,17,5,OK,True,OBSERVE_CONTINUED,Momentum is present but not active; continuation is observed but not required.,OK,OK,Historical extended-hours quote status is not replayable from daily bars. Historical 1H/4H candle availability is recorded per row.,backtests\V5_FinalDecision_May06_R3_D2026-05-06_Validation_20260702.csv,False,False,True,False,NOT_MOMENTUM_ACTIVE,NOT_MOMENTUM_ACTIVE
CGNT,2026-05-06,REJECT,weekly flat,Avoid,45,Clean,weekly flat,10.56999969482422,15,5,OK,2026-05-07,10.925000190734863,11.0,REJECT,weekly flat,Avoid,45,16,5,OK,2026-05-08,10.979999542236328,11.109999656677246,MOMENTUM_PRESENT_WAIT_CONFIRMATION,lower high and lower low | 2+ bearish hourly candles | last 1H bearish,Downgraded - Wait,69,14,5,OK,True,FLAG_REVIEW,Rejected rows should not show clean immediate continuation without review.,OK,OK,Historical extended-hours quote status is not replayable from daily bars. Historical 1H/4H candle availability is recorded per row.,backtests\V5_FinalDecision_May06_R3_D2026-05-06_Validation_20260702.csv,True,True,True,True,NOT_MOMENTUM_ACTIVE,NOT_MOMENTUM_ACTIVE
MCHP,2026-05-06,REJECT,distribution cluster,Avoid,40,Clean,distribution cluster,102.91999816894533,17,5,OK,2026-05-07,102.1500015258789,101.58000183105467,REJECT,distribution cluster,Avoid,40,17,5,OK,2026-05-08,105.0500030517578,99.08999633789062,REJECT,distribution cluster,Avoid,40,17,5,OK,True,FLAG_REVIEW,Rejected rows should not show clean immediate continuation without review.,OK,OK,Historical extended-hours quote status is not replayable from daily bars. Historical 1H/4H candle availability is recorded per row.,backtests\V5_FinalDecision_May06_R3_D2026-05-06_Validation_20260702.csv,False,False,True,False,NOT_MOMENTUM_ACTIVE,NOT_MOMENTUM_ACTIVE
APH,2026-05-06,REJECT,not outperforming SPY | distribution cluster,Avoid,35,Clean,not outperforming SPY | distribution cluster,138.47000122070312,17,5,OK,2026-05-07,139.11000061035156,136.6199951171875,REJECT,not outperforming SPY | distribution cluster,Avoid,35,17,5,OK,2026-05-08,137.5800018310547,128.02999877929688,REJECT,below EMA200 | weekly mixed | not outperforming SPY | distribution cluster,Avoid,9,17,5,OK,True,FLAG_REVIEW,Rejected rows should not show clean immediate continuation without review.,OK,OK,Historical extended-hours quote status is not replayable from daily bars. Historical 1H/4H candle availability is recorded per row.,backtests\V5_FinalDecision_May06_R3_D2026-05-06_Validation_20260702.csv,True,False,False,False,NOT_MOMENTUM_ACTIVE,NOT_MOMENTUM_ACTIVE
OPTX,2026-05-06,REJECT,excess volatility,Avoid,30,Wait - Last Hour Bearish,excess volatility,7.619999885559082,17,5,OK,2026-05-07,7.590000152587891,7.050000190734863,REJECT,excess volatility,Rejected - Distribution Risk,25,16,5,OK,2026-05-08,7.170000076293945,7.320000171661377,REJECT,excess volatility,Avoid,30,17,5,OK,False,PASS_REJECT,Rejected rows should not show clean immediate continuation without review.,OK,OK,Historical extended-hours quote status is not replayable from daily bars. Historical 1H/4H candle availability is recorded per row.,backtests\V5_FinalDecision_May06_R3_D2026-05-06_Validation_20260702.csv,False,False,False,False,NOT_MOMENTUM_ACTIVE,NOT_MOMENTUM_ACTIVE
RBBN,2026-05-06,REJECT,below EMA200 | weekly mixed | not outperforming SPY,Avoid,20,Clean,below EMA200 | weekly mixed | not outperforming SPY,2.680000066757202,12,5,OK,2026-05-07,2.690000057220459,2.690000057220459,REJECT,below EMA200 | weekly mixed | not outperforming SPY,Avoid,20,13,5,OK,2026-05-08,2.680000066757202,2.7799999713897705,REJECT,below EMA200 | weekly mixed | not outperforming SPY,Avoid,20,11,5,OK,True,FLAG_REVIEW,Rejected rows should not show clean immediate continuation without review.,OK,OK,Historical extended-hours quote status is not replayable from daily bars. Historical 1H/4H candle availability is recorded per row.,backtests\V5_FinalDecision_May06_R3_D2026-05-06_Validation_20260702.csv,True,True,True,True,NOT_MOMENTUM_ACTIVE,NOT_MOMENTUM_ACTIVE
CLBT,2026-05-06,REJECT,below EMA200 | weekly downtrend | not outperforming SPY,Rejected - Distribution Risk,15,Failed - Distribution Risk,below EMA200 | weekly downtrend | not outperforming SPY,13.170000076293944,14,5,OK,2026-05-07,13.5,13.8100004196167,REJECT,below EMA200 | weekly downtrend | not outperforming SPY,Avoid,15,15,5,OK,2026-05-08,13.670000076293944,13.619999885559082,REJECT,below EMA200 | weekly downtrend | not outperforming SPY,Avoid,15,16,5,OK,True,FLAG_REVIEW,Rejected rows should not show clean immediate continuation without review.,OK,OK,Historical extended-hours quote status is not replayable from daily bars. Historical 1H/4H candle availability is recorded per row.,backtests\V5_FinalDecision_May06_R3_D2026-05-06_Validation_20260702.csv,True,True,True,True,NOT_MOMENTUM_ACTIVE,NOT_MOMENTUM_ACTIVE
HUYA,2026-05-06,REJECT,below EMA200 | weekly downtrend,Avoid,13,Clean,below EMA200 | weekly downtrend,3.2799999713897705,16,5,OK,2026-05-07,3.259999990463257,3.200000047683716,REJECT,below EMA200 | weekly downtrend,Avoid,13,16,5,OK,2026-05-08,3.25,3.0999999046325684,REJECT,below EMA200 | weekly downtrend,Rejected - Distribution Risk,9,16,5,OK,False,PASS_REJECT,Rejected rows should not show clean immediate continuation without review.,OK,OK,Historical extended-hours quote status is not replayable from daily bars. Historical 1H/4H candle availability is recorded per row.,backtests\V5_FinalDecision_May06_R3_D2026-05-06_Validation_20260702.csv,False,False,False,False,NOT_MOMENTUM_ACTIVE,NOT_MOMENTUM_ACTIVE
INOD,2026-05-06,REJECT,below EMA200 | weekly downtrend | not outperforming SPY,Avoid,12,Clean,below EMA200 | weekly downtrend | not outperforming SPY,46.5099983215332,17,5,OK,2026-05-07,47.209999084472656,45.63999938964844,REJECT,below EMA200 | weekly downtrend | not outperforming SPY,Avoid,0,17,5,OK,2026-05-08,72.91999816894531,84.88999938964844,REJECT,weekly mixed,Avoid,42,17,5,OK,True,FLAG_REVIEW,Rejected rows should not show clean immediate continuation without review.,OK,OK,Historical extended-hours quote status is not replayable from daily bars. Historical 1H/4H candle availability is recorded per row.,backtests\V5_FinalDecision_May06_R3_D2026-05-06_Validation_20260702.csv,True,False,True,True,NOT_MOMENTUM_ACTIVE,NOT_MOMENTUM_ACTIVE
ACIW,2026-05-06,REJECT,below EMA200 | weekly downtrend | not outperforming SPY,Avoid,3,Wait - Last Hour Bearish,below EMA200 | weekly downtrend | not outperforming SPY,43.27000045776367,10,4,OK,2026-05-07,47.29999923706055,46.650001525878906,REJECT,weekly downtrend | not outperforming SPY,Avoid,15,12,5,OK,2026-05-08,46.09999847412109,45.5099983215332,REJECT,weekly mixed | not outperforming SPY,Avoid,22,12,5,OK,True,FLAG_REVIEW,Rejected rows should not show clean immediate continuation without review.,OK,OK,Historical extended-hours quote status is not replayable from daily bars. Historical 1H/4H candle availability is recorded per row.,backtests\V5_FinalDecision_May06_R3_D2026-05-06_Validation_20260702.csv,True,True,True,True,NOT_MOMENTUM_ACTIVE,NOT_MOMENTUM_ACTIVE
BLND,2026-05-06,REJECT,below EMA200 | weekly downtrend | not outperforming SPY | distribution cluster,Avoid,3,Clean,below EMA200 | weekly downtrend | not outperforming SPY | distribution cluster,1.600000023841858,15,5,OK,2026-05-07,1.6200000047683716,1.6200000047683716,REJECT,below EMA200 | weekly downtrend | not outperforming SPY | distribution cluster,Avoid,3,16,5,OK,2026-05-08,1.4550000429153442,1.3799999952316284,REJECT,below EMA200 | weekly downtrend | not outperforming SPY | distribution cluster,Avoid,0,16,5,OK,True,FLAG_REVIEW,Rejected rows should not show clean immediate continuation without review.,OK,OK,Historical extended-hours quote status is not replayable from daily bars. Historical 1H/4H candle availability is recorded per row.,backtests\V5_FinalDecision_May06_R3_D2026-05-06_Validation_20260702.csv,True,True,False,False,NOT_MOMENTUM_ACTIVE,NOT_MOMENTUM_ACTIVE
ARBB,2026-05-06,REJECT,below EMA200 | weekly downtrend | not outperforming SPY,Avoid,0,Clean,below EMA200 | weekly downtrend | not outperforming SPY,4.869999885559082,17,5,OK,2026-05-07,4.659999847412109,4.619999885559082,REJECT,below EMA200 | weekly downtrend | not outperforming SPY,Rejected - Distribution Risk,0,15,5,OK,2026-05-08,4.360000133514404,4.519999980926514,REJECT,below EMA200 | weekly downtrend | not outperforming SPY,Avoid,0,10,5,OK,False,PASS_REJECT,Rejected rows should not show clean immediate continuation without review.,OK,OK,Historical extended-hours quote status is not replayable from daily bars. Historical 1H/4H candle availability is recorded per row.,backtests\V5_FinalDecision_May06_R3_D2026-05-06_Validation_20260702.csv,False,False,False,False,NOT_MOMENTUM_ACTIVE,NOT_MOMENTUM_ACTIVE
CHKP,2026-05-06,REJECT,below EMA200 | weekly downtrend | not outperforming SPY,Avoid,0,Wait - Daily Pullback Risk,below EMA200 | weekly downtrend | not outperforming SPY,114.2699966430664,17,5,OK,2026-05-07,115.93000030517578,115.55999755859376,REJECT,below EMA200 | weekly downtrend | not outperforming SPY,Avoid,3,14,5,OK,2026-05-08,113.29000091552734,114.93000030517578,REJECT,below EMA200 | weekly downtrend | not outperforming SPY,Avoid,0,14,5,OK,True,FLAG_REVIEW,Rejected rows should not show clean immediate continuation without review.,OK,OK,Historical extended-hours quote status is not replayable from daily bars. Historical 1H/4H candle availability is recorded per row.,backtests\V5_FinalDecision_May06_R3_D2026-05-06_Validation_20260702.csv,True,True,True,True,NOT_MOMENTUM_ACTIVE,NOT_MOMENTUM_ACTIVE
FLUT,2026-05-06,REJECT,below EMA200 | weekly downtrend | not outperforming SPY,Rejected - Distribution Risk,0,Failed - Distribution Risk,below EMA200 | weekly downtrend | not outperforming SPY,99.11000061035156,17,5,OK,2026-05-07,101.73999786376952,101.1999969482422,REJECT,below EMA200 | weekly downtrend | not outperforming SPY,Avoid,2,17,5,OK,2026-05-08,101.26000213623048,101.19000244140624,REJECT,below EMA200 | weekly downtrend | not outperforming SPY,Avoid,2,17,5,OK,True,FLAG_REVIEW,Rejected rows should not show clean immediate continuation without review.,OK,OK,Historical extended-hours quote status is not replayable from daily bars. Historical 1H/4H candle availability is recorded per row.,backtests\V5_FinalDecision_May06_R3_D2026-05-06_Validation_20260702.csv,True,True,True,True,NOT_MOMENTUM_ACTIVE,NOT_MOMENTUM_ACTIVE
MDB,2026-05-06,REJECT,below EMA200 | weekly downtrend | not outperforming SPY | distribution cluster,Avoid,0,Wait - Last Hour Bearish,below EMA200 | weekly downtrend | not outperforming SPY | distribution cluster,265.260009765625,17,5,OK,2026-05-07,290.0599975585937,293.4200134277344,REJECT,below EMA200 | weekly downtrend | not outperforming SPY | distribution cluster,Avoid,0,17,5,OK,2026-05-08,289.6499938964844,299.4700012207031,REJECT,below EMA200 | weekly downtrend | not outperforming SPY | distribution cluster,Avoid,0,17,5,OK,True,FLAG_REVIEW,Rejected rows should not show clean immediate continuation without review.,OK,OK,Historical extended-hours quote status is not replayable from daily bars. Historical 1H/4H candle availability is recorded per row.,backtests\V5_FinalDecision_May06_R3_D2026-05-06_Validation_20260702.csv,True,True,True,True,NOT_MOMENTUM_ACTIVE,NOT_MOMENTUM_ACTIVE
NXDR,2026-05-06,REJECT,below EMA200 | weekly downtrend | not outperforming SPY,Avoid,0,Wait - Last Hour Bearish,below EMA200 | weekly downtrend | not outperforming SPY,1.6299999952316284,15,5,OK,2026-05-07,1.7999999523162842,1.919999957084656,REJECT,weekly downtrend | not outperforming SPY,Avoid,2,17,5,OK,2026-05-08,1.8799999952316284,2.0199999809265137,REJECT,weekly mixed,Avoid,31,16,5,OK,True,FLAG_REVIEW,Rejected rows should not show clean immediate continuation without review.,OK,OK,Historical extended-hours quote status is not replayable from daily bars. Historical 1H/4H candle availability is recorded per row.,backtests\V5_FinalDecision_May06_R3_D2026-05-06_Validation_20260702.csv,True,True,True,True,NOT_MOMENTUM_ACTIVE,NOT_MOMENTUM_ACTIVE
KLIC,2026-05-19,MOMENTUM_ACTIVE,all confirmation gates passed,Actionable Momentum Candidate,87,Clean,lower high and lower low | pullback on above-average volume,97.62000274658205,14,5,OK,2026-05-20,99.37000274658205,101.2300033569336,MOMENTUM_PRESENT_WAIT_CONFIRMATION,last 3H selling | 2+ bearish hourly candles | last 1H bearish,Downgraded - Wait,69,16,5,OK,2026-05-21,100.76000213623048,101.08999633789062,MOMENTUM_PRESENT_WAIT_CONFIRMATION,pullback on above-average volume | 2+ bearish hourly candles | last 1H bearish,Downgraded - Wait,69,16,5,OK,True,PASS,Active momentum requires D+1/D+2 continuation above D close.,OK,OK,Historical extended-hours quote status is not replayable from daily bars. Historical 1H/4H candle availability is recorded per row.,backtests\V5_FinalDecision_May19_R1_D2026-05-19_Validation_20260702.csv,True,True,True,True,PRIMARY_PASS,MULTIDAY_PASS
RELL,2026-05-19,MOMENTUM_PRESENT_WAIT_CONFIRMATION,lower high and lower low | pullback on above-average volume | last 3H selling,Watchlist Candidate,84,Clean,lower high and lower low | pullback on above-average volume | last 3H selling,15.289999961853027,11,5,OK,2026-05-20,15.5,16.950000762939453,MOMENTUM_ACTIVE,all confirmation gates passed,Actionable Momentum Candidate,96,11,4,OK,2026-05-21,16.600000381469727,18.420000076293945,MOMENTUM_PRESENT_WAIT_CONFIRMATION,10D extension above 20.0%,Actionable Momentum Candidate,96,16,5,OK,True,OBSERVE_CONTINUED,Momentum is present but not active; continuation is observed but not required.,OK,OK,Historical extended-hours quote status is not replayable from daily bars. Historical 1H/4H candle availability is recorded per row.,backtests\V5_FinalDecision_May19_R1_D2026-05-19_Validation_20260702.csv,True,True,True,True,NOT_MOMENTUM_ACTIVE,NOT_MOMENTUM_ACTIVE
NYAX,2026-05-19,MOMENTUM_PRESENT_WAIT_CONFIRMATION,below EMA20 with deep 20D-high pullback,Watchlist Candidate,81,Clean,below EMA20 with deep 20D-high pullback,67.0,12,5,OK,2026-05-20,65.55999755859375,66.80999755859375,REJECT,not qualified,Avoid,68,11,5,OK,2026-05-21,67.21499633789062,67.02999877929688,REJECT,last 3H selling | 2+ bearish hourly candles,Avoid,68,5,3,OK,True,OBSERVE_CONTINUED,Momentum is present but not active; continuation is observed but not required.,OK,OK,Historical extended-hours quote status is not replayable from daily bars. Historical 1H/4H candle availability is recorded per row.,backtests\V5_FinalDecision_May19_R1_D2026-05-19_Validation_20260702.csv,False,False,True,False,NOT_MOMENTUM_ACTIVE,NOT_MOMENTUM_ACTIVE
PDC,2026-05-19,MOMENTUM_PRESENT_WAIT_CONFIRMATION,lower high and lower low,Watchlist Candidate,81,Clean,lower high and lower low,7.179999828338623,10,4,OK,2026-05-20,7.170000076293945,7.039999961853027,MOMENTUM_PRESENT_WAIT_CONFIRMATION,below EMA20 with deep 20D-high pullback,Watchlist Candidate,81,11,5,OK,2026-05-21,7.019999980926514,6.929999828338623,MOMENTUM_PRESENT_WAIT_CONFIRMATION,lower high and lower low | last 3H selling,Watchlist Candidate,77,11,5,OK,False,PASS_WAIT,Momentum is present but not active; continuation is observed but not required.,OK,OK,Historical extended-hours quote status is not replayable from daily bars. Historical 1H/4H candle availability is recorded per row.,backtests\V5_FinalDecision_May19_R1_D2026-05-19_Validation_20260702.csv,False,False,False,False,NOT_MOMENTUM_ACTIVE,NOT_MOMENTUM_ACTIVE
RNG,2026-05-19,REJECT,2+ bearish hourly candles,Avoid,69,Clean,2+ bearish hourly candles,42.59000015258789,17,5,OK,2026-05-20,41.95000076293945,43.5099983215332,REJECT,last 3H selling,Avoid,69,15,5,OK,2026-05-21,42.20000076293945,42.220001220703125,REJECT,not qualified,Avoid,69,16,5,OK,False,PASS_REJECT,Rejected rows should not show clean immediate continuation without review.,OK,OK,Historical extended-hours quote status is not replayable from daily bars. Historical 1H/4H candle availability is recorded per row.,backtests\V5_FinalDecision_May19_R1_D2026-05-19_Validation_20260702.csv,False,True,False,False,NOT_MOMENTUM_ACTIVE,NOT_MOMENTUM_ACTIVE
MTCH,2026-05-19,REJECT,weekly mixed,Avoid,45,Wait - Last Hour Bearish,weekly mixed,35.349998474121094,12,5,OK,2026-05-20,35.150001525878906,35.9900016784668,REJECT,weekly mixed,Avoid,45,10,4,OK,2026-05-21,35.61000061035156,35.65999984741211,REJECT,weekly mixed,Avoid,45,11,5,OK,True,FLAG_REVIEW,Rejected rows should not show clean immediate continuation without review.,OK,OK,Historical extended-hours quote status is not replayable from daily bars. Historical 1H/4H candle availability is recorded per row.,backtests\V5_FinalDecision_May19_R1_D2026-05-19_Validation_20260702.csv,False,True,True,False,NOT_MOMENTUM_ACTIVE,NOT_MOMENTUM_ACTIVE
PAYS,2026-05-19,REJECT,weekly flat | distribution cluster,Avoid,40,Clean,weekly flat | distribution cluster,5.960000038146973,11,5,OK,2026-05-20,5.96999979019165,6.150000095367432,REJECT,weekly flat | distribution cluster,Avoid,40,11,5,OK,2026-05-21,6.059999942779541,6.340000152587891,REJECT,weekly flat | distribution cluster,Avoid,40,11,5,OK,True,FLAG_REVIEW,Rejected rows should not show clean immediate continuation without review.,OK,OK,Historical extended-hours quote status is not replayable from daily bars. Historical 1H/4H candle availability is recorded per row.,backtests\V5_FinalDecision_May19_R1_D2026-05-19_Validation_20260702.csv,True,True,True,True,NOT_MOMENTUM_ACTIVE,NOT_MOMENTUM_ACTIVE
VECO,2026-05-19,REJECT,distribution cluster,Avoid,40,Clean,distribution cluster,54.68999862670898,16,5,OK,2026-05-20,55.900001525878906,56.63999938964844,REJECT,distribution cluster,Avoid,40,16,5,OK,2026-05-21,56.86000061035156,57.7400016784668,REJECT,distribution cluster,Avoid,40,16,5,OK,True,FLAG_REVIEW,Rejected rows should not show clean immediate continuation without review.,OK,OK,Historical extended-hours quote status is not replayable from daily bars. Historical 1H/4H candle availability is recorded per row.,backtests\V5_FinalDecision_May19_R1_D2026-05-19_Validation_20260702.csv,True,True,True,True,NOT_MOMENTUM_ACTIVE,NOT_MOMENTUM_ACTIVE
IPM,2026-05-19,REJECT,weekly mixed | not outperforming SPY,Avoid,27,Clean,weekly mixed | not outperforming SPY,1.919999957084656,9,4,OK,2026-05-20,1.870000004768372,1.899999976158142,REJECT,weekly mixed | not outperforming SPY,Avoid,27,7,3,OK,2026-05-21,1.899999976158142,1.9700000286102293,REJECT,weekly mixed | not outperforming SPY,Avoid,27,6,3,OK,True,FLAG_REVIEW,Rejected rows should not show clean immediate continuation without review.,OK,OK,Historical extended-hours quote status is not replayable from daily bars. Historical 1H/4H candle availability is recorded per row.,backtests\V5_FinalDecision_May19_R1_D2026-05-19_Validation_20260702.csv,False,False,True,False,NOT_MOMENTUM_ACTIVE,NOT_MOMENTUM_ACTIVE
BAND,2026-05-19,REJECT,distribution cluster,Rejected - Distribution Risk,25,Failed - Distribution Risk,distribution cluster,53.880001068115234,17,5,OK,2026-05-20,53.880001068115234,57.959999084472656,MOMENTUM_PRESENT_WAIT_CONFIRMATION,2+ bearish hourly candles | last 1H bearish,Downgraded - Wait,69,16,5,OK,2026-05-21,58.18999862670898,58.540000915527344,MOMENTUM_PRESENT_WAIT_CONFIRMATION,5D extension above 12.0% | 10D extension above 20.0% | relative volume below 1.0x,Actionable Momentum Candidate,100,17,5,OK,True,FLAG_REVIEW,Rejected rows should not show clean immediate continuation without review.,OK,OK,Historical extended-hours quote status is not replayable from daily bars. Historical 1H/4H candle availability is recorded per row.,backtests\V5_FinalDecision_May19_R1_D2026-05-19_Validation_20260702.csv,False,True,True,False,NOT_MOMENTUM_ACTIVE,NOT_MOMENTUM_ACTIVE
RDCM,2026-05-19,REJECT,weekly flat,Rejected - Distribution Risk,25,Failed - Distribution Risk,weekly flat,14.34000015258789,15,5,OK,2026-05-20,14.479999542236328,14.4399995803833,REJECT,weekly flat,Avoid,45,14,5,OK,2026-05-21,14.15999984741211,14.720000267028809,REJECT,weekly flat,Avoid,45,12,5,OK,True,FLAG_REVIEW,Rejected rows should not show clean immediate continuation without review.,OK,OK,Historical extended-hours quote status is not replayable from daily bars. Historical 1H/4H candle availability is recorded per row.,backtests\V5_FinalDecision_May19_R1_D2026-05-19_Validation_20260702.csv,True,True,True,True,NOT_MOMENTUM_ACTIVE,NOT_MOMENTUM_ACTIVE
ALAR,2026-05-19,REJECT,below EMA200 | weekly downtrend | not outperforming SPY,Avoid,8,Clean,below EMA200 | weekly downtrend | not outperforming SPY,7.480000019073486,11,5,OK,2026-05-20,7.190000057220459,7.510000228881836,REJECT,below EMA200 | weekly downtrend | not outperforming SPY,Avoid,8,11,4,OK,2026-05-21,7.400000095367432,7.559999942779541,REJECT,below EMA200 | weekly downtrend | not outperforming SPY,Avoid,8,8,4,OK,True,FLAG_REVIEW,Rejected rows should not show clean immediate continuation without review.,OK,OK,Historical extended-hours quote status is not replayable from daily bars. Historical 1H/4H candle availability is recorded per row.,backtests\V5_FinalDecision_May19_R1_D2026-05-19_Validation_20260702.csv,False,True,True,False,NOT_MOMENTUM_ACTIVE,NOT_MOMENTUM_ACTIVE
CARS,2026-05-19,REJECT,below EMA200 | weekly downtrend | not outperforming SPY,Avoid,8,Clean,below EMA200 | weekly downtrend | not outperforming SPY,9.789999961853027,11,4,OK,2026-05-20,9.6899995803833,9.739999771118164,REJECT,below EMA200 | weekly downtrend | not outperforming SPY,Avoid,12,13,5,OK,2026-05-21,9.59000015258789,9.56999969482422,REJECT,below EMA200 | weekly downtrend | not outperforming SPY,Avoid,12,13,5,OK,False,PASS_REJECT,Rejected rows should not show clean immediate continuation without review.,OK,OK,Historical extended-hours quote status is not replayable from daily bars. Historical 1H/4H candle availability is recorded per row.,backtests\V5_FinalDecision_May19_R1_D2026-05-19_Validation_20260702.csv,False,False,False,False,NOT_MOMENTUM_ACTIVE,NOT_MOMENTUM_ACTIVE
SMWB,2026-05-19,REJECT,below EMA200 | weekly downtrend | not outperforming SPY,Avoid,8,Clean,below EMA200 | weekly downtrend | not outperforming SPY,3.680000066757202,17,5,OK,2026-05-20,3.900000095367432,3.819999933242798,REJECT,below EMA200 | weekly downtrend | not outperforming SPY,Avoid,8,15,5,OK,2026-05-21,3.950000047683716,3.7799999713897705,REJECT,below EMA200 | weekly downtrend | not outperforming SPY,Avoid,0,16,5,OK,True,FLAG_REVIEW,Rejected rows should not show clean immediate continuation without review.,OK,OK,Historical extended-hours quote status is not replayable from daily bars. Historical 1H/4H candle availability is recorded per row.,backtests\V5_FinalDecision_May19_R1_D2026-05-19_Validation_20260702.csv,True,True,True,True,NOT_MOMENTUM_ACTIVE,NOT_MOMENTUM_ACTIVE
TENB,2026-05-19,REJECT,weekly downtrend | not outperforming SPY | distribution cluster,Avoid,4,Clean,weekly downtrend | not outperforming SPY | distribution cluster,25.25,17,5,OK,2026-05-20,25.459999084472656,25.5,REJECT,weekly downtrend | not outperforming SPY | distribution cluster,Avoid,4,15,5,OK,2026-05-21,24.81999969482422,25.170000076293945,REJECT,weekly downtrend | not outperforming SPY | distribution cluster,Avoid,0,15,5,OK,True,FLAG_REVIEW,Rejected rows should not show clean immediate continuation without review.,OK,OK,Historical extended-hours quote status is not replayable from daily bars. Historical 1H/4H candle availability is recorded per row.,backtests\V5_FinalDecision_May19_R1_D2026-05-19_Validation_20260702.csv,True,True,False,False,NOT_MOMENTUM_ACTIVE,NOT_MOMENTUM_ACTIVE
YAAS,2026-05-19,REJECT,below EMA200 | weekly downtrend | not outperforming SPY,Avoid,1,Wait - Daily Pullback Risk,below EMA200 | weekly downtrend | not outperforming SPY,0.8109999895095825,16,5,OK,2026-05-20,0.8259999752044678,0.8059999942779541,REJECT,below EMA200 | weekly downtrend | not outperforming SPY,Avoid,1,14,5,OK,2026-05-21,0.8100000023841858,0.8100000023841858,REJECT,below EMA200 | weekly downtrend | not outperforming SPY,Avoid,5,14,4,OK,True,FLAG_REVIEW,Rejected rows should not show clean immediate continuation without review.,OK,OK,Historical extended-hours quote status is not replayable from daily bars. Historical 1H/4H candle availability is recorded per row.,backtests\V5_FinalDecision_May19_R1_D2026-05-19_Validation_20260702.csv,True,False,False,False,NOT_MOMENTUM_ACTIVE,NOT_MOMENTUM_ACTIVE
ABTC,2026-05-19,REJECT,below EMA200 | weekly downtrend | not outperforming SPY | distribution cluster,Avoid,0,Wait - Last Hour Bearish,below EMA200 | weekly downtrend | not outperforming SPY | distribution cluster,1.0199999809265137,17,5,OK,2026-05-20,1.0399999618530271,1.1100000143051147,REJECT,below EMA200 | weekly downtrend | not outperforming SPY | distribution cluster,Avoid,0,17,5,OK,2026-05-21,1.1100000143051147,1.1299999952316284,REJECT,below EMA200 | weekly downtrend | not outperforming SPY | distribution cluster,Avoid,0,17,5,OK,True,FLAG_REVIEW,Rejected rows should not show clean immediate continuation without review.,OK,OK,Historical extended-hours quote status is not replayable from daily bars. Historical 1H/4H candle availability is recorded per row.,backtests\V5_FinalDecision_May19_R1_D2026-05-19_Validation_20260702.csv,True,True,True,True,NOT_MOMENTUM_ACTIVE,NOT_MOMENTUM_ACTIVE
SHOP,2026-05-19,REJECT,below EMA200 | weekly downtrend | not outperforming SPY | distribution cluster,Avoid,0,Clean,below EMA200 | weekly downtrend | not outperforming SPY | distribution cluster,101.01000213623048,17,5,OK,2026-05-20,100.19000244140624,105.01000213623048,REJECT,below EMA200 | weekly downtrend | not outperforming SPY | distribution cluster,Avoid,0,17,5,OK,2026-05-21,103.23999786376952,104.86000061035156,REJECT,below EMA200 | weekly downtrend | not outperforming SPY | distribution cluster,Avoid,0,17,5,OK,True,FLAG_REVIEW,Rejected rows should not show clean immediate continuation without review.,OK,OK,Historical extended-hours quote status is not replayable from daily bars. Historical 1H/4H candle availability is recorded per row.,backtests\V5_FinalDecision_May19_R1_D2026-05-19_Validation_20260702.csv,False,True,True,False,NOT_MOMENTUM_ACTIVE,NOT_MOMENTUM_ACTIVE
SQNS,2026-05-19,REJECT,below EMA200 | weekly downtrend | not outperforming SPY,Avoid,0,Clean,below EMA200 | weekly downtrend | not outperforming SPY,4.119999885559082,14,5,OK,2026-05-20,4.170000076293945,4.300000190734863,REJECT,below EMA200 | weekly downtrend | not outperforming SPY,Avoid,3,16,5,OK,2026-05-21,4.349999904632568,4.050000190734863,REJECT,below EMA200 | weekly downtrend | not outperforming SPY,Avoid,3,16,5,OK,True,FLAG_REVIEW,Rejected rows should not show clean immediate continuation without review.,OK,OK,Historical extended-hours quote status is not replayable from daily bars. Historical 1H/4H candle availability is recorded per row.,backtests\V5_FinalDecision_May19_R1_D2026-05-19_Validation_20260702.csv,True,True,True,True,NOT_MOMENTUM_ACTIVE,NOT_MOMENTUM_ACTIVE
TRNR,2026-05-19,REJECT,below EMA200 | weekly downtrend | not outperforming SPY,Avoid,0,Wait - Daily Pullback Risk,below EMA200 | weekly downtrend | not outperforming SPY,1.0099999904632568,17,5,OK,2026-05-20,1.0299999713897705,1.0499999523162842,REJECT,below EMA200 | weekly downtrend | not outperforming SPY,Avoid,1,17,5,OK,2026-05-21,0.962000012397766,1.0,REJECT,below EMA200 | weekly downtrend | not outperforming SPY,Rejected - Distribution Risk,0,17,5,OK,True,FLAG_REVIEW,Rejected rows should not show clean immediate continuation without review.,OK,OK,Historical extended-hours quote status is not replayable from daily bars. Historical 1H/4H candle availability is recorded per row.,backtests\V5_FinalDecision_May19_R1_D2026-05-19_Validation_20260702.csv,True,True,False,False,NOT_MOMENTUM_ACTIVE,NOT_MOMENTUM_ACTIVE
ALOT,2026-05-19,MOMENTUM_PRESENT_WAIT_CONFIRMATION,relative volume below 1.0x | close location below 50.0%,Actionable Momentum Candidate,100,Clean,lower high and lower low,14.020000457763672,8,3,OK,2026-05-20,14.079999923706056,14.079999923706056,MOMENTUM_PRESENT_WAIT_CONFIRMATION,relative volume below 1.0x | close location below 50.0%,Actionable Momentum Candidate,100,8,4,OK,2026-05-21,14.0,14.18000030517578,MOMENTUM_PRESENT_WAIT_CONFIRMATION,relative volume below 1.0x,Actionable Momentum Candidate,100,8,3,OK,True,OBSERVE_CONTINUED,Momentum is present but not active; continuation is observed but not required.,OK,OK,Historical extended-hours quote status is not replayable from daily bars. Historical 1H/4H candle availability is recorded per row.,backtests\V5_FinalDecision_May19_R2_D2026-05-19_Validation_20260702.csv,True,True,True,True,NOT_MOMENTUM_ACTIVE,NOT_MOMENTUM_ACTIVE
INTC,2026-05-19,MOMENTUM_PRESENT_WAIT_CONFIRMATION,relative volume below 1.0x,Actionable Momentum Candidate,87,Clean,lower high and lower low,110.8000030517578,17,5,OK,2026-05-20,116.22000122070312,118.95999908447266,MOMENTUM_PRESENT_WAIT_CONFIRMATION,last 3H selling | 2+ bearish hourly candles | last 1H bearish,Downgraded - Wait,69,17,5,OK,2026-05-21,116.58000183105467,118.5,MOMENTUM_PRESENT_WAIT_CONFIRMATION,relative volume below 1.0x,Actionable Momentum Candidate,87,17,5,OK,True,OBSERVE_CONTINUED,Momentum is present but not active; continuation is observed but not required.,OK,OK,Historical extended-hours quote status is not replayable from daily bars. Historical 1H/4H candle availability is recorded per row.,backtests\V5_FinalDecision_May19_R2_D2026-05-19_Validation_20260702.csv,True,True,True,True,NOT_MOMENTUM_ACTIVE,NOT_MOMENTUM_ACTIVE
BIDU,2026-05-19,MOMENTUM_PRESENT_WAIT_CONFIRMATION,last 1H bearish,Downgraded - Wait,69,Wait - Last Hour Bearish,last 1H bearish,137.67999267578125,17,5,OK,2026-05-20,136.64999389648438,135.22000122070312,MOMENTUM_PRESENT_WAIT_CONFIRMATION,lower high and lower low | 2+ bearish hourly candles | last 1H bearish,Downgraded - Wait,69,17,5,OK,2026-05-21,130.58999633789062,131.17999267578125,REJECT,not outperforming SPY,Avoid,35,17,5,OK,False,PASS_WAIT,Momentum is present but not active; continuation is observed but not required.,OK,OK,Historical extended-hours quote status is not replayable from daily bars. Historical 1H/4H candle availability is recorded per row.,backtests\V5_FinalDecision_May19_R2_D2026-05-19_Validation_20260702.csv,False,False,False,False,NOT_MOMENTUM_ACTIVE,NOT_MOMENTUM_ACTIVE
ITRN,2026-05-19,MOMENTUM_PRESENT_WAIT_CONFIRMATION,below EMA20 with deep 20D-high pullback | lower high and lower low | last 1H bearish,Downgraded - Wait,69,Wait - Daily Pullback Risk,below EMA20 with deep 20D-high pullback | lower high and lower low | last 1H bearish,56.95000076293945,9,4,OK,2026-05-20,57.560001373291016,57.15999984741211,MOMENTUM_PRESENT_WAIT_CONFIRMATION,relative volume below 1.0x | close location below 50.0%,Actionable Momentum Candidate,85,12,4,OK,2026-05-21,57.130001068115234,58.27000045776367,MOMENTUM_PRESENT_WAIT_CONFIRMATION,relative volume below 1.0x,Actionable Momentum Candidate,85,10,4,OK,True,OBSERVE_CONTINUED,Momentum is present but not active; continuation is observed but not required.,OK,OK,Historical extended-hours quote status is not replayable from daily bars. Historical 1H/4H candle availability is recorded per row.,backtests\V5_FinalDecision_May19_R2_D2026-05-19_Validation_20260702.csv,True,True,True,True,NOT_MOMENTUM_ACTIVE,NOT_MOMENTUM_ACTIVE
PODC,2026-05-19,MOMENTUM_PRESENT_WAIT_CONFIRMATION,pullback on above-average volume | last 3H selling | 2+ bearish hourly candles | last 1H bearish,Downgraded - Wait,69,Wait - Intraday Selling,pullback on above-average volume | last 3H selling | 2+ bearish hourly candles | last 1H bearish,3.910000085830689,10,4,OK,2026-05-20,3.869999885559082,4.03000020980835,MOMENTUM_PRESENT_WAIT_CONFIRMATION,5D extension above 12.0% | relative volume below 1.0x,Actionable Momentum Candidate,91,15,5,OK,2026-05-21,4.059999942779541,4.199999809265137,MOMENTUM_PRESENT_WAIT_CONFIRMATION,5D extension above 12.0% | relative volume below 1.0x,Actionable Momentum Candidate,91,11,4,OK,True,OBSERVE_CONTINUED,Momentum is present but not active; continuation is observed but not required.,OK,OK,Historical extended-hours quote status is not replayable from daily bars. Historical 1H/4H candle availability is recorded per row.,backtests\V5_FinalDecision_May19_R2_D2026-05-19_Validation_20260702.csv,False,True,True,False,NOT_MOMENTUM_ACTIVE,NOT_MOMENTUM_ACTIVE
MITK,2026-05-19,REJECT,distribution cluster,Avoid,40,Clean,distribution cluster,14.149999618530272,15,5,OK,2026-05-20,14.010000228881836,14.8100004196167,REJECT,distribution cluster,Avoid,40,13,4,OK,2026-05-21,14.579999923706056,15.359999656677246,REJECT,distribution cluster,Avoid,40,15,5,OK,True,FLAG_REVIEW,Rejected rows should not show clean immediate continuation without review.,OK,OK,Historical extended-hours quote status is not replayable from daily bars. Historical 1H/4H candle availability is recorded per row.,backtests\V5_FinalDecision_May19_R2_D2026-05-19_Validation_20260702.csv,False,True,True,False,NOT_MOMENTUM_ACTIVE,NOT_MOMENTUM_ACTIVE
RXT,2026-05-19,REJECT,excess volatility,Avoid,30,Clean,excess volatility,4.695000171661377,17,5,OK,2026-05-20,4.659999847412109,4.0,REJECT,excess volatility,Rejected - Distribution Risk,25,17,5,OK,2026-05-21,3.900000095367432,4.329999923706055,REJECT,excess volatility,Avoid,30,17,5,OK,False,PASS_REJECT,Rejected rows should not show clean immediate continuation without review.,OK,OK,Historical extended-hours quote status is not replayable from daily bars. Historical 1H/4H candle availability is recorded per row.,backtests\V5_FinalDecision_May19_R2_D2026-05-19_Validation_20260702.csv,False,False,False,False,NOT_MOMENTUM_ACTIVE,NOT_MOMENTUM_ACTIVE
SHLS,2026-05-19,REJECT,lower high and lower low | daily distribution | 2+ bearish hourly candles | last 1H bearish,Rejected - Distribution Risk,25,Failed - Distribution Risk,lower high and lower low | daily distribution | 2+ bearish hourly candles | last 1H bearish,9.279999732971191,16,5,OK,2026-05-20,9.425000190734863,9.675000190734863,REJECT,not qualified,Avoid,60,17,5,OK,2026-05-21,9.529999732971191,9.550000190734863,REJECT,last 1H bearish,Avoid,60,17,5,OK,True,FLAG_REVIEW,Rejected rows should not show clean immediate continuation without review.,OK,OK,Historical extended-hours quote status is not replayable from daily bars. Historical 1H/4H candle availability is recorded per row.,backtests\V5_FinalDecision_May19_R2_D2026-05-19_Validation_20260702.csv,True,True,True,True,NOT_MOMENTUM_ACTIVE,NOT_MOMENTUM_ACTIVE
MQ,2026-05-19,REJECT,below EMA200 | weekly downtrend | not outperforming SPY,Avoid,12,Clean,below EMA200 | weekly downtrend | not outperforming SPY,3.9600000381469727,12,4,OK,2026-05-20,3.930000066757202,4.0,REJECT,below EMA200 | weekly downtrend | not outperforming SPY,Avoid,12,11,4,OK,2026-05-21,3.950000047683716,3.950000047683716,REJECT,below EMA200 | weekly downtrend | not outperforming SPY,Avoid,4,12,5,OK,False,PASS_REJECT,Rejected rows should not show clean immediate continuation without review.,OK,OK,Historical extended-hours quote status is not replayable from daily bars. Historical 1H/4H candle availability is recorded per row.,backtests\V5_FinalDecision_May19_R2_D2026-05-19_Validation_20260702.csv,False,True,False,False,NOT_MOMENTUM_ACTIVE,NOT_MOMENTUM_ACTIVE
PRCH,2026-05-19,REJECT,weekly mixed | not outperforming SPY,Avoid,10,Clean,weekly mixed | not outperforming SPY,9.770000457763672,10,5,OK,2026-05-20,9.720000267028809,9.739999771118164,REJECT,weekly mixed | not outperforming SPY,Avoid,22,12,5,OK,2026-05-21,9.600000381469728,9.739999771118164,REJECT,weekly mixed | not outperforming SPY,Avoid,22,12,5,OK,False,PASS_REJECT,Rejected rows should not show clean immediate continuation without review.,OK,OK,Historical extended-hours quote status is not replayable from daily bars. Historical 1H/4H candle availability is recorded per row.,backtests\V5_FinalDecision_May19_R2_D2026-05-19_Validation_20260702.csv,False,False,False,False,NOT_MOMENTUM_ACTIVE,NOT_MOMENTUM_ACTIVE
GRRR,2026-05-19,REJECT,below EMA200 | weekly mixed | not outperforming SPY | distribution cluster,Avoid,8,Clean,below EMA200 | weekly mixed | not outperforming SPY | distribution cluster,12.779999732971191,17,5,OK,2026-05-20,12.779999732971191,13.40999984741211,REJECT,below EMA200 | weekly mixed | not outperforming SPY | distribution cluster,Avoid,12,16,5,OK,2026-05-21,14.170000076293944,14.260000228881836,REJECT,weekly mixed | not outperforming SPY | distribution cluster,Avoid,12,17,5,OK,True,FLAG_REVIEW,Rejected rows should not show clean immediate continuation without review.,OK,OK,Historical extended-hours quote status is not replayable from daily bars. Historical 1H/4H candle availability is recorded per row.,backtests\V5_FinalDecision_May19_R2_D2026-05-19_Validation_20260702.csv,False,True,True,False,NOT_MOMENTUM_ACTIVE,NOT_MOMENTUM_ACTIVE
PRSO,2026-05-19,REJECT,below EMA200 | weekly downtrend | not outperforming SPY,Rejected - Distribution Risk,6,Failed - Distribution Risk,below EMA200 | weekly downtrend | not outperforming SPY,0.959999978542328,16,5,OK,2026-05-20,0.959999978542328,0.9700000286102296,REJECT,below EMA200 | weekly downtrend | not outperforming SPY,Avoid,6,16,5,OK,2026-05-21,0.959999978542328,0.9900000095367432,REJECT,below EMA200 | weekly downtrend | not outperforming SPY,Avoid,1,15,5,OK,True,FLAG_REVIEW,Rejected rows should not show clean immediate continuation without review.,OK,OK,Historical extended-hours quote status is not replayable from daily bars. Historical 1H/4H candle availability is recorded per row.,backtests\V5_FinalDecision_May19_R2_D2026-05-19_Validation_20260702.csv,False,True,True,False,NOT_MOMENTUM_ACTIVE,NOT_MOMENTUM_ACTIVE
NTNX,2026-05-19,REJECT,below EMA200 | weekly downtrend | not outperforming SPY,Avoid,5,Clean,below EMA200 | weekly downtrend | not outperforming SPY,48.27000045776367,15,5,OK,2026-05-20,46.79999923706055,45.02999877929688,REJECT,below EMA200 | weekly downtrend | not outperforming SPY,Rejected - Distribution Risk,0,15,5,OK,2026-05-21,44.29999923706055,44.68999862670898,REJECT,below EMA200 | weekly downtrend | not outperforming SPY,Avoid,2,16,5,OK,False,PASS_REJECT,Rejected rows should not show clean immediate continuation without review.,OK,OK,Historical extended-hours quote status is not replayable from daily bars. Historical 1H/4H candle availability is recorded per row.,backtests\V5_FinalDecision_May19_R2_D2026-05-19_Validation_20260702.csv,False,False,False,False,NOT_MOMENTUM_ACTIVE,NOT_MOMENTUM_ACTIVE
IBEX,2026-05-19,REJECT,below EMA200 | weekly downtrend | not outperforming SPY,Avoid,2,Clean,below EMA200 | weekly downtrend | not outperforming SPY,31.07999992370605,10,3,OK,2026-05-20,30.90999984741211,31.209999084472656,REJECT,weekly downtrend | not outperforming SPY,Avoid,2,11,5,OK,2026-05-21,31.07999992370605,32.04999923706055,REJECT,weekly downtrend | not outperforming SPY,Avoid,2,9,4,OK,True,FLAG_REVIEW,Rejected rows should not show clean immediate continuation without review.,OK,OK,Historical extended-hours quote status is not replayable from daily bars. Historical 1H/4H candle availability is recorded per row.,backtests\V5_FinalDecision_May19_R2_D2026-05-19_Validation_20260702.csv,False,True,True,False,NOT_MOMENTUM_ACTIVE,NOT_MOMENTUM_ACTIVE
AVNW,2026-05-19,REJECT,below EMA200 | weekly downtrend | not outperforming SPY | distribution cluster,Avoid,0,Clean,below EMA200 | weekly downtrend | not outperforming SPY | distribution cluster,15.720000267028809,9,4,OK,2026-05-20,15.850000381469728,15.989999771118164,REJECT,below EMA200 | weekly downtrend | not outperforming SPY | distribution cluster,Avoid,0,12,4,OK,2026-05-21,15.84000015258789,16.450000762939453,REJECT,below EMA200 | weekly downtrend | not outperforming SPY | distribution cluster,Avoid,0,10,4,OK,True,FLAG_REVIEW,Rejected rows should not show clean immediate continuation without review.,OK,OK,Historical extended-hours quote status is not replayable from daily bars. Historical 1H/4H candle availability is recorded per row.,backtests\V5_FinalDecision_May19_R2_D2026-05-19_Validation_20260702.csv,True,True,True,True,NOT_MOMENTUM_ACTIVE,NOT_MOMENTUM_ACTIVE
BLIN,2026-05-19,REJECT,below EMA200 | weekly downtrend | not outperforming SPY,Avoid,0,Wait - Last Hour Bearish,below EMA200 | weekly downtrend | not outperforming SPY,0.9200000166893004,8,3,OK,2026-05-20,0.9700000286102296,0.959999978542328,REJECT,below EMA200 | weekly downtrend | not outperforming SPY,Avoid,0,6,4,OK,2026-05-21,0.949999988079071,0.9200000166893004,REJECT,below EMA200 | weekly downtrend | not outperforming SPY | distribution cluster,Avoid,0,11,5,OK,True,FLAG_REVIEW,Rejected rows should not show clean immediate continuation without review.,OK,OK,Historical extended-hours quote status is not replayable from daily bars. Historical 1H/4H candle availability is recorded per row.,backtests\V5_FinalDecision_May19_R2_D2026-05-19_Validation_20260702.csv,True,True,True,True,NOT_MOMENTUM_ACTIVE,NOT_MOMENTUM_ACTIVE
HPAI,2026-05-19,REJECT,below EMA200 | weekly downtrend | not outperforming SPY | distribution cluster | excess volatility,Avoid,0,Clean,below EMA200 | weekly downtrend | not outperforming SPY | distribution cluster | excess volatility,1.1200000047683716,14,5,OK,2026-05-20,1.1100000143051147,1.0199999809265137,REJECT,below EMA200 | weekly downtrend | not outperforming SPY | distribution cluster | excess volatility,Avoid,0,17,5,OK,2026-05-21,1.0299999713897705,1.0199999809265137,REJECT,below EMA200 | weekly downtrend | not outperforming SPY | distribution cluster | excess volatility,Avoid,0,15,5,OK,False,PASS_REJECT,Rejected rows should not show clean immediate continuation without review.,OK,OK,Historical extended-hours quote status is not replayable from daily bars. Historical 1H/4H candle availability is recorded per row.,backtests\V5_FinalDecision_May19_R2_D2026-05-19_Validation_20260702.csv,False,False,False,False,NOT_MOMENTUM_ACTIVE,NOT_MOMENTUM_ACTIVE
NRDS,2026-05-19,REJECT,below EMA200 | weekly downtrend | not outperforming SPY | distribution cluster,Avoid,0,Clean,below EMA200 | weekly downtrend | not outperforming SPY | distribution cluster,8.100000381469727,13,5,OK,2026-05-20,8.010000228881836,8.199999809265137,REJECT,below EMA200 | weekly downtrend | not outperforming SPY | distribution cluster,Avoid,0,11,5,OK,2026-05-21,8.100000381469727,8.199999809265137,REJECT,below EMA200 | weekly downtrend | not outperforming SPY | distribution cluster,Avoid,0,12,5,OK,True,FLAG_REVIEW,Rejected rows should not show clean immediate continuation without review.,OK,OK,Historical extended-hours quote status is not replayable from daily bars. Historical 1H/4H candle availability is recorded per row.,backtests\V5_FinalDecision_May19_R2_D2026-05-19_Validation_20260702.csv,False,True,True,False,NOT_MOMENTUM_ACTIVE,NOT_MOMENTUM_ACTIVE
PLTR,2026-05-19,REJECT,below EMA200 | weekly downtrend | not outperforming SPY | distribution cluster,Avoid,0,Clean,below EMA200 | weekly downtrend | not outperforming SPY | distribution cluster,135.25999450683594,17,5,OK,2026-05-20,134.14500427246094,137.14999389648438,REJECT,below EMA200 | weekly downtrend | not outperforming SPY | distribution cluster,Avoid,0,17,5,OK,2026-05-21,135.8000030517578,137.4149932861328,REJECT,below EMA200 | weekly downtrend | not outperforming SPY | distribution cluster,Avoid,0,17,5,OK,True,FLAG_REVIEW,Rejected rows should not show clean immediate continuation without review.,OK,OK,Historical extended-hours quote status is not replayable from daily bars. Historical 1H/4H candle availability is recorded per row.,backtests\V5_FinalDecision_May19_R2_D2026-05-19_Validation_20260702.csv,False,True,True,False,NOT_MOMENTUM_ACTIVE,NOT_MOMENTUM_ACTIVE
SAIL,2026-05-19,REJECT,below EMA200 | weekly downtrend | not outperforming SPY | distribution cluster,Avoid,0,Clean,below EMA200 | weekly downtrend | not outperforming SPY | distribution cluster,14.470000267028809,15,5,OK,2026-05-20,14.260000228881836,14.979999542236328,REJECT,below EMA200 | weekly downtrend | not outperforming SPY | distribution cluster,Avoid,0,14,5,OK,2026-05-21,14.970000267028809,15.010000228881836,REJECT,below EMA200 | weekly downtrend | not outperforming SPY | distribution cluster,Avoid,0,15,5,OK,True,FLAG_REVIEW,Rejected rows should not show clean immediate continuation without review.,OK,OK,Historical extended-hours quote status is not replayable from daily bars. Historical 1H/4H candle availability is recorded per row.,backtests\V5_FinalDecision_May19_R2_D2026-05-19_Validation_20260702.csv,False,True,True,False,NOT_MOMENTUM_ACTIVE,NOT_MOMENTUM_ACTIVE
COHR,2026-05-19,MOMENTUM_PRESENT_WAIT_CONFIRMATION,relative volume below 1.0x,Actionable Momentum Candidate,88,Clean,lower high and lower low,353.6300048828125,17,5,OK,2026-05-20,362.9700012207031,358.5,MOMENTUM_PRESENT_WAIT_CONFIRMATION,2+ bearish hourly candles | last 1H bearish,Downgraded - Wait,69,17,5,OK,2026-05-21,361.0,378.0,MOMENTUM_PRESENT_WAIT_CONFIRMATION,relative volume below 1.0x,Actionable Momentum Candidate,92,17,5,OK,True,OBSERVE_CONTINUED,Momentum is present but not active; continuation is observed but not required.,OK,OK,Historical extended-hours quote status is not replayable from daily bars. Historical 1H/4H candle availability is recorded per row.,backtests\V5_FinalDecision_May19_R3_D2026-05-19_Validation_20260702.csv,True,True,True,True,NOT_MOMENTUM_ACTIVE,NOT_MOMENTUM_ACTIVE
SHMD,2026-05-19,REJECT,distribution cluster,Avoid,40,Clean,distribution cluster,7.28000020980835,17,5,OK,2026-05-20,7.449999809265137,6.980000019073486,REJECT,distribution cluster,Avoid,40,16,5,OK,2026-05-21,6.869999885559082,7.449999809265137,REJECT,distribution cluster,Avoid,40,14,5,OK,True,FLAG_REVIEW,Rejected rows should not show clean immediate continuation without review.,OK,OK,Historical extended-hours quote status is not replayable from daily bars. Historical 1H/4H candle availability is recorded per row.,backtests\V5_FinalDecision_May19_R3_D2026-05-19_Validation_20260702.csv,True,False,True,True,NOT_MOMENTUM_ACTIVE,NOT_MOMENTUM_ACTIVE
VELO,2026-05-19,REJECT,distribution cluster,Avoid,40,Wait - Last Hour Bearish,distribution cluster,16.989999771118164,17,5,OK,2026-05-20,17.15999984741211,18.51000022888184,REJECT,distribution cluster,Avoid,40,17,5,OK,2026-05-21,17.93000030517578,20.32999992370605,REJECT,distribution cluster,Avoid,40,17,5,OK,True,FLAG_REVIEW,Rejected rows should not show clean immediate continuation without review.,OK,OK,Historical extended-hours quote status is not replayable from daily bars. Historical 1H/4H candle availability is recorded per row.,backtests\V5_FinalDecision_May19_R3_D2026-05-19_Validation_20260702.csv,True,True,True,True,NOT_MOMENTUM_ACTIVE,NOT_MOMENTUM_ACTIVE
ATOM,2026-05-19,REJECT,excess volatility,Avoid,30,Wait - Daily Pullback Risk,excess volatility,7.489999771118164,17,5,OK,2026-05-20,7.599999904632568,7.679999828338623,REJECT,excess volatility,Avoid,30,17,5,OK,2026-05-21,7.699999809265137,8.510000228881836,MOMENTUM_PRESENT_WAIT_CONFIRMATION,2+ bearish hourly candles | last 1H bearish,Downgraded - Wait,69,17,5,OK,True,FLAG_REVIEW,Rejected rows should not show clean immediate continuation without review.,OK,OK,Historical extended-hours quote status is not replayable from daily bars. Historical 1H/4H candle availability is recorded per row.,backtests\V5_FinalDecision_May19_R3_D2026-05-19_Validation_20260702.csv,True,True,True,True,NOT_MOMENTUM_ACTIVE,NOT_MOMENTUM_ACTIVE
RDCM,2026-05-19,REJECT,weekly flat,Rejected - Distribution Risk,25,Failed - Distribution Risk,weekly flat,14.34000015258789,15,5,OK,2026-05-20,14.479999542236328,14.4399995803833,REJECT,weekly flat,Avoid,45,14,5,OK,2026-05-21,14.15999984741211,14.720000267028809,REJECT,weekly flat,Avoid,45,12,5,OK,True,FLAG_REVIEW,Rejected rows should not show clean immediate continuation without review.,OK,OK,Historical extended-hours quote status is not replayable from daily bars. Historical 1H/4H candle availability is recorded per row.,backtests\V5_FinalDecision_May19_R3_D2026-05-19_Validation_20260702.csv,True,True,True,True,NOT_MOMENTUM_ACTIVE,NOT_MOMENTUM_ACTIVE
WFCF,2026-05-19,REJECT,weekly flat | not outperforming SPY | distribution cluster | excess volatility,Avoid,25,Clean,weekly flat | not outperforming SPY | distribution cluster | excess volatility,12.600000381469728,10,4,OK,2026-05-20,12.489999771118164,12.789999961853027,REJECT,weekly flat | not outperforming SPY | distribution cluster | excess volatility,Avoid,25,6,4,OK,2026-05-21,12.539999961853027,12.93000030517578,REJECT,weekly flat | not outperforming SPY | distribution cluster | excess volatility,Avoid,30,8,4,OK,True,FLAG_REVIEW,Rejected rows should not show clean immediate continuation without review.,OK,OK,Historical extended-hours quote status is not replayable from daily bars. Historical 1H/4H candle availability is recorded per row.,backtests\V5_FinalDecision_May19_R3_D2026-05-19_Validation_20260702.csv,False,True,True,False,NOT_MOMENTUM_ACTIVE,NOT_MOMENTUM_ACTIVE
TTAN,2026-05-19,REJECT,below EMA200 | weekly downtrend | not outperforming SPY,Avoid,8,Wait - Last Hour Bearish,below EMA200 | weekly downtrend | not outperforming SPY,62.45000076293945,14,5,OK,2026-05-20,61.18999862670898,62.77999877929688,REJECT,below EMA200 | weekly downtrend | not outperforming SPY,Avoid,8,11,4,OK,2026-05-21,61.2400016784668,61.33000183105469,REJECT,below EMA200 | weekly downtrend | not outperforming SPY,Avoid,8,13,5,OK,False,PASS_REJECT,Rejected rows should not show clean immediate continuation without review.,OK,OK,Historical extended-hours quote status is not replayable from daily bars. Historical 1H/4H candle availability is recorded per row.,backtests\V5_FinalDecision_May19_R3_D2026-05-19_Validation_20260702.csv,False,True,False,False,NOT_MOMENTUM_ACTIVE,NOT_MOMENTUM_ACTIVE
ROP,2026-05-19,REJECT,below EMA200 | weekly downtrend | not outperforming SPY,Avoid,5,Clean,below EMA200 | weekly downtrend | not outperforming SPY,328.9100036621094,14,5,OK,2026-05-20,325.1300048828125,323.1199951171875,REJECT,below EMA200 | weekly downtrend | not outperforming SPY,Avoid,5,15,5,OK,2026-05-21,319.95001220703125,324.0799865722656,REJECT,below EMA200 | weekly downtrend | not outperforming SPY,Avoid,5,14,5,OK,False,PASS_REJECT,Rejected rows should not show clean immediate continuation without review.,OK,OK,Historical extended-hours quote status is not replayable from daily bars. Historical 1H/4H candle availability is recorded per row.,backtests\V5_FinalDecision_May19_R3_D2026-05-19_Validation_20260702.csv,False,False,False,False,NOT_MOMENTUM_ACTIVE,NOT_MOMENTUM_ACTIVE
NCNO,2026-05-19,REJECT,below EMA200 | weekly downtrend | not outperforming SPY,Avoid,3,Wait - Daily Pullback Risk,below EMA200 | weekly downtrend | not outperforming SPY,15.050000190734863,11,5,OK,2026-05-20,14.8100004196167,15.470000267028809,REJECT,below EMA200 | weekly downtrend | not outperforming SPY,Avoid,7,14,5,OK,2026-05-21,15.229999542236328,15.829999923706056,REJECT,below EMA200 | weekly downtrend | not outperforming SPY,Avoid,7,11,5,OK,True,FLAG_REVIEW,Rejected rows should not show clean immediate continuation without review.,OK,OK,Historical extended-hours quote status is not replayable from daily bars. Historical 1H/4H candle availability is recorded per row.,backtests\V5_FinalDecision_May19_R3_D2026-05-19_Validation_20260702.csv,False,True,True,False,NOT_MOMENTUM_ACTIVE,NOT_MOMENTUM_ACTIVE
ADBE,2026-05-19,REJECT,below EMA200 | weekly downtrend | not outperforming SPY,Avoid,0,Clean,below EMA200 | weekly downtrend | not outperforming SPY,254.9900054931641,17,5,OK,2026-05-20,250.27999877929688,253.3699951171875,REJECT,below EMA200 | weekly downtrend | not outperforming SPY,Avoid,0,17,5,OK,2026-05-21,246.4499969482422,244.1000061035156,REJECT,below EMA200 | weekly downtrend | not outperforming SPY,Avoid,0,17,5,OK,False,PASS_REJECT,Rejected rows should not show clean immediate continuation without review.,OK,OK,Historical extended-hours quote status is not replayable from daily bars. Historical 1H/4H candle availability is recorded per row.,backtests\V5_FinalDecision_May19_R3_D2026-05-19_Validation_20260702.csv,False,False,False,False,NOT_MOMENTUM_ACTIVE,NOT_MOMENTUM_ACTIVE
AREN,2026-05-19,REJECT,below EMA200 | weekly downtrend | not outperforming SPY | distribution cluster | excess volatility,Avoid,0,Wait - Intraday Selling,below EMA200 | weekly downtrend | not outperforming SPY | distribution cluster | excess volatility,1.6100000143051147,13,5,OK,2026-05-20,1.590000033378601,1.559999942779541,REJECT,below EMA200 | weekly downtrend | not outperforming SPY | distribution cluster | excess volatility,Avoid,0,15,5,OK,2026-05-21,1.5299999713897705,1.4900000095367432,REJECT,below EMA200 | weekly downtrend | not outperforming SPY | distribution cluster | excess volatility,Avoid,0,11,5,OK,False,PASS_REJECT,Rejected rows should not show clean immediate continuation without review.,OK,OK,Historical extended-hours quote status is not replayable from daily bars. Historical 1H/4H candle availability is recorded per row.,backtests\V5_FinalDecision_May19_R3_D2026-05-19_Validation_20260702.csv,False,False,False,False,NOT_MOMENTUM_ACTIVE,NOT_MOMENTUM_ACTIVE
BL,2026-05-19,REJECT,below EMA200 | weekly downtrend | not outperforming SPY | distribution cluster,Avoid,0,Clean,below EMA200 | weekly downtrend | not outperforming SPY | distribution cluster,30.030000686645508,13,5,OK,2026-05-20,29.575000762939453,30.84000015258789,REJECT,below EMA200 | weekly downtrend | not outperforming SPY | distribution cluster,Avoid,0,13,5,OK,2026-05-21,30.25,28.940000534057617,REJECT,below EMA200 | weekly downtrend | not outperforming SPY | distribution cluster,Avoid,0,10,4,OK,True,FLAG_REVIEW,Rejected rows should not show clean immediate continuation without review.,OK,OK,Historical extended-hours quote status is not replayable from daily bars. Historical 1H/4H candle availability is recorded per row.,backtests\V5_FinalDecision_May19_R3_D2026-05-19_Validation_20260702.csv,False,True,True,False,NOT_MOMENTUM_ACTIVE,NOT_MOMENTUM_ACTIVE
GMM,2026-05-19,REJECT,below EMA200 | weekly downtrend | not outperforming SPY,Avoid,0,Wait - Last Hour Bearish,below EMA200 | weekly downtrend | not outperforming SPY,72.5,11,5,OK,2026-05-20,71.9000015258789,72.0,REJECT,below EMA200 | weekly downtrend | not outperforming SPY,Avoid,0,13,5,OK,2026-05-21,51.5,48.59999847412109,REJECT,below EMA200 | weekly downtrend | not outperforming SPY | distribution cluster | excess volatility,Rejected - Distribution Risk,0,14,5,OK,False,PASS_REJECT,Rejected rows should not show clean immediate continuation without review.,OK,OK,Historical extended-hours quote status is not replayable from daily bars. Historical 1H/4H candle availability is recorded per row.,backtests\V5_FinalDecision_May19_R3_D2026-05-19_Validation_20260702.csv,False,False,False,False,NOT_MOMENTUM_ACTIVE,NOT_MOMENTUM_ACTIVE
HCAT,2026-05-19,REJECT,below EMA200 | weekly downtrend | not outperforming SPY,Avoid,0,Clean,below EMA200 | weekly downtrend | not outperforming SPY,1.2699999809265137,9,4,OK,2026-05-20,1.25,1.2899999618530271,REJECT,below EMA200 | weekly downtrend | not outperforming SPY,Avoid,0,9,3,OK,2026-05-21,1.2699999809265137,1.2899999618530271,REJECT,below EMA200 | weekly downtrend | not outperforming SPY,Avoid,0,8,3,OK,True,FLAG_REVIEW,Rejected rows should not show clean immediate continuation without review.,OK,OK,Historical extended-hours quote status is not replayable from daily bars. Historical 1H/4H candle availability is recorded per row.,backtests\V5_FinalDecision_May19_R3_D2026-05-19_Validation_20260702.csv,False,True,True,False,NOT_MOMENTUM_ACTIVE,NOT_MOMENTUM_ACTIVE
IFBD,2026-05-19,REJECT,below EMA200 | weekly downtrend | not outperforming SPY,Avoid,0,Clean,below EMA200 | weekly downtrend | not outperforming SPY,0.8700000047683716,3,3,OK,2026-05-20,0.8899999856948853,0.8600000143051147,REJECT,below EMA200 | weekly downtrend | not outperforming SPY,Avoid,0,5,3,OK,2026-05-21,0.9200000166893004,0.925000011920929,REJECT,below EMA200 | weekly downtrend | not outperforming SPY,Avoid,2,4,2,OK,True,FLAG_REVIEW,Rejected rows should not show clean immediate continuation without review.,OK,OK,Historical extended-hours quote status is not replayable from daily bars. Historical 1H/4H candle availability is recorded per row.,backtests\V5_FinalDecision_May19_R3_D2026-05-19_Validation_20260702.csv,True,False,True,True,NOT_MOMENTUM_ACTIVE,NOT_MOMENTUM_ACTIVE
KARO,2026-05-19,REJECT,below EMA200 | weekly downtrend | not outperforming SPY | distribution cluster,Avoid,0,Clean,below EMA200 | weekly downtrend | not outperforming SPY | distribution cluster,46.459999084472656,9,3,OK,2026-05-20,46.69499969482422,47.02999877929688,REJECT,below EMA200 | weekly downtrend | not outperforming SPY | distribution cluster,Avoid,0,10,4,OK,2026-05-21,46.400001525878906,46.5099983215332,REJECT,below EMA200 | weekly downtrend | not outperforming SPY | distribution cluster,Avoid,0,10,4,OK,True,FLAG_REVIEW,Rejected rows should not show clean immediate continuation without review.,OK,OK,Historical extended-hours quote status is not replayable from daily bars. Historical 1H/4H candle availability is recorded per row.,backtests\V5_FinalDecision_May19_R3_D2026-05-19_Validation_20260702.csv,True,True,True,True,NOT_MOMENTUM_ACTIVE,NOT_MOMENTUM_ACTIVE
LSPD,2026-05-19,REJECT,below EMA200 | weekly downtrend | not outperforming SPY | distribution cluster,Avoid,0,Wait - Daily Pullback Risk,below EMA200 | weekly downtrend | not outperforming SPY | distribution cluster,8.670000076293945,15,5,OK,2026-05-20,8.619999885559082,8.960000038146973,REJECT,below EMA200 | weekly downtrend | not outperforming SPY | distribution cluster,Avoid,0,13,5,OK,2026-05-21,8.65999984741211,8.369999885559082,REJECT,below EMA200 | weekly downtrend | not outperforming SPY | distribution cluster,Avoid,0,16,5,OK,False,PASS_REJECT,Rejected rows should not show clean immediate continuation without review.,OK,OK,Historical extended-hours quote status is not replayable from daily bars. Historical 1H/4H candle availability is recorded per row.,backtests\V5_FinalDecision_May19_R3_D2026-05-19_Validation_20260702.csv,False,True,False,False,NOT_MOMENTUM_ACTIVE,NOT_MOMENTUM_ACTIVE
MYPS,2026-05-19,REJECT,below EMA200 | weekly downtrend | not outperforming SPY | distribution cluster,Avoid,0,Clean,below EMA200 | weekly downtrend | not outperforming SPY | distribution cluster,0.4699999988079071,9,4,OK,2026-05-20,0.4690000116825104,0.4659999907016754,REJECT,below EMA200 | weekly downtrend | not outperforming SPY | distribution cluster,Avoid,0,10,3,OK,2026-05-21,0.4580000042915344,0.4449999928474426,REJECT,below EMA200 | weekly downtrend | not outperforming SPY | distribution cluster,Avoid,0,12,5,OK,False,PASS_REJECT,Rejected rows should not show clean immediate continuation without review.,OK,OK,Historical extended-hours quote status is not replayable from daily bars. Historical 1H/4H candle availability is recorded per row.,backtests\V5_FinalDecision_May19_R3_D2026-05-19_Validation_20260702.csv,False,False,False,False,NOT_MOMENTUM_ACTIVE,NOT_MOMENTUM_ACTIVE
UBXG,2026-05-19,REJECT,below EMA200 | weekly downtrend | not outperforming SPY | distribution cluster | excess volatility,Rejected - Distribution Risk,0,Failed - Distribution Risk,below EMA200 | weekly downtrend | not outperforming SPY | distribution cluster | excess volatility,3.0,16,5,OK,2026-05-20,3.049999952316284,2.875,REJECT,below EMA200 | weekly downtrend | not outperforming SPY | distribution cluster | excess volatility,Avoid,0,17,5,OK,2026-05-21,2.8499999046325684,3.2249999046325684,REJECT,below EMA200 | weekly downtrend | not outperforming SPY | distribution cluster | excess volatility,Avoid,0,17,5,OK,True,FLAG_REVIEW,Rejected rows should not show clean immediate continuation without review.,OK,OK,Historical extended-hours quote status is not replayable from daily bars. Historical 1H/4H candle availability is recorded per row.,backtests\V5_FinalDecision_May19_R3_D2026-05-19_Validation_20260702.csv,True,False,True,True,NOT_MOMENTUM_ACTIVE,NOT_MOMENTUM_ACTIVE
