Beta_Risk_Band,Industry,Signal_Count,Unique_Tickers,Mean_Forward_1D_Return_Pct,Median_Forward_1D_Return_Pct,Positive_Rate_Forward_1D_Return_Pct,Mean_Forward_5D_Return_Pct,Median_Forward_5D_Return_Pct,Positive_Rate_Forward_5D_Return_Pct,Mean_Forward_10D_Return_Pct,Median_Forward_10D_Return_Pct,Positive_Rate_Forward_10D_Return_Pct,Mean_Forward_21D_Return_Pct,Median_Forward_21D_Return_Pct,Positive_Rate_Forward_21D_Return_Pct,Mean_Forward_63D_Return_Pct,Median_Forward_63D_Return_Pct,Positive_Rate_Forward_63D_Return_Pct,Mean_Forward_126D_Return_Pct,Median_Forward_126D_Return_Pct,Positive_Rate_Forward_126D_Return_Pct,Median_MAE_21D_Pct,Median_MFE_21D_Pct,Median_Realized_Volatility_21D_Annualized_Pct,Median_MAE_63D_Pct,Median_MFE_63D_Pct,Median_Realized_Volatility_63D_Annualized_Pct
BALANCED,Computer Software: Prepackaged Software,1,1,-0.8960176125499819,-0.8960176125499819,0.0,-15.562363824256964,-15.562363824256964,0.0,-14.760665748776681,-14.760665748776681,0.0,-2.0631926506677223,-2.0631926506677223,0.0,39.86087913256249,39.86087913256249,100.0,116.98892208671947,116.98892208671947,100.0,-23.555769192195353,0.66021876987572,73.33185803395469,-23.555769192195353,44.74180274084336,48.84553176528695
BALANCED,Industrial Machinery/Components,118,2,-0.046788196862359396,-0.07690174325838406,48.30508474576271,0.13916176526671323,0.5460205142174712,61.016949152542374,0.9463525186505122,1.153952040763928,65.2542372881356,2.2359537332039983,1.6160922415626056,67.79661016949152,6.675613599665892,5.526957036453528,72.88135593220339,11.688706136405106,13.810781056426247,74.57627118644068,-2.9171843153299792,4.4644096416511125,21.65890536988718,-4.911801553527578,12.19911943317793,24.62544649796048
BALANCED,Marine Transportation,80,1,0.10921137382236032,-0.14099577041866151,46.25,1.0680353370125926,0.313861392258763,52.5,1.4384172272095084,1.2523347614985747,58.22784810126582,2.902405693218935,3.610825929290029,67.08860759493672,6.031142851143274,4.83541406339667,67.08860759493672,9.259005948057393,5.862730473048927,60.273972602739725,-4.637683120098379,9.535742617843779,32.98302688388872,-8.925049788884342,14.457172010694052,37.17221053602706
BALANCED,Medical Specialities,72,1,-0.04970469738270136,-0.15196065653434454,45.83333333333333,-0.050590549620869694,-0.29442562344381695,47.88732394366197,0.5070232567973928,0.9533657912918159,55.714285714285715,0.07037666391062156,0.46478796364428643,50.74626865671642,-4.7307478718224925,-7.189305920254485,31.666666666666664,10.636849987701213,15.106825402164613,65.45454545454545,-6.110810732791849,7.040602555180264,35.491634345464455,-17.088585623318856,9.937297328490224,36.260335168045884
BALANCED,Metal Fabrications,81,1,-0.035163698532718834,0.07793518499468188,53.086419753086425,-0.9251044068640538,-0.5665229648674219,44.44444444444444,-0.7515065157891146,-0.39017174423101597,44.44444444444444,-0.18773798673591938,-0.028207597298812725,49.382716049382715,1.4377217023845368,-0.23830570594353118,49.382716049382715,7.996955937505157,8.409270001104474,78.08219178082192,-7.000721811401589,6.1395334642986965,33.64621029073977,-12.349443664971439,10.894779519018115,40.30969421343268
BALANCED,Railroads,74,1,-0.1282815343310358,-0.12154367379159092,47.2972972972973,-0.5244538710143766,-0.5152442294520998,43.24324324324324,-1.0231966428680448,-0.4220041087395321,44.5945945945946,-1.0079082423050778,-0.5775146173992385,47.2972972972973,-0.48911271270832307,-3.0661655028659474,47.82608695652174,0.2448452362372508,-0.7910745027907007,42.64705882352941,-4.698430444895452,3.2805573851487857,22.325632177562653,-10.507745191907336,5.667536557431507,25.46242037626888
DEFENSIVE,Computer Software: Prepackaged Software,15,1,-0.2292471403288861,-0.42864081080877803,40.0,1.1272669694468676,-0.36006127323167103,46.666666666666664,2.9572259055271033,1.8700614028172247,60.0,-0.5554144889185294,-2.352945123030903,40.0,-5.251172510926443,-9.913685956115337,33.33333333333333,30.153543860114517,30.14853791700216,100.0,-14.18626948885895,13.808668932244728,60.624513203148766,-26.323421974408788,15.748125593078477,67.18277626779931
DEFENSIVE,Marine Transportation,8,1,-0.8732161301147525,-0.721016094914595,37.5,-4.243263442505226,-4.813232028157227,12.5,-5.888769739753228,-7.189719593964655,12.5,-8.058109574487982,-10.166059322180448,12.5,-12.371550304045,-12.444627319046603,0.0,-28.729176173094544,-27.85268907468616,0.0,-12.815485824895195,0.4978902637139515,26.00312659143093,-14.7660807022555,1.9502943385990679,26.944900819568744
DEFENSIVE,Railroads,26,1,-0.02385802075525019,0.06339573071588167,50.0,0.09203999858294803,0.21834561241091954,52.0,-0.33049917929306316,-1.0997245478364392,37.5,1.440427920519728,1.7408624194914735,61.904761904761905,10.174949049474916,11.586900203439843,86.66666666666667,7.394567304624045,7.862390510585044,50.0,-4.069389092024411,4.868994714811814,23.042769619773544,-6.27090282335433,13.564277460165552,24.7080824616197
HIGH_SENSITIVITY,Computer Software: Prepackaged Software,57,1,0.41624422619205903,0.6566198950124891,63.1578947368421,1.5424653340895091,1.5889929867511254,64.28571428571429,2.20408480335181,1.699872638893396,63.63636363636363,6.404162238090003,3.3437490463256836,74.54545454545455,10.901956796019716,5.380736695265154,56.36363636363636,5.218165763068464,-3.8303579602922744,40.0,-6.314815532367857,11.807581482710905,38.653623799354065,-13.002155497432444,26.336246911819106,47.98584284817155
HIGH_SENSITIVITY,Industrial Machinery/Components,51,1,0.013204730169195487,-0.06739812672140744,47.05882352941176,-0.9301674828254761,-0.08377917437353277,49.01960784313725,-0.5350317869050893,0.35748927772931705,50.98039215686274,-1.1105831885348436,-0.2546716966505769,46.0,1.6592811817943933,6.981180366762175,68.18181818181817,15.07041604216043,17.601573921853863,79.06976744186046,-6.596668182902693,5.907067104025776,29.897962018854102,-8.20111862371833,11.355664227163986,29.447893845688554
HIGH_SENSITIVITY,Marine Transportation,35,1,0.16335351512519433,-0.16778693883521267,42.857142857142854,-0.18951279747411343,0.040997729248237746,51.42857142857142,1.5452927510258365,1.2427234820242328,68.57142857142857,2.2920612955901722,3.610139350018149,64.70588235294117,12.014006513488022,10.74463785716825,70.0,18.64001089055453,20.747533154866925,85.71428571428571,-4.720773997634669,8.604718920381949,27.626431143505968,-7.5064303558862395,18.245602525376306,30.87800348550621
HIGH_SENSITIVITY,Medical Specialities,33,1,0.12193701991488848,0.2387563256182501,57.57575757575758,0.0299693842391451,1.0245135691313134,60.60606060606061,0.9598129005050651,2.9943481998784716,66.66666666666666,3.0132442386374443,4.769401429191067,81.81818181818183,11.007836186206653,19.90329646250433,66.66666666666666,5.202682924455137,12.46644430743602,66.66666666666666,-4.502839027523753,8.295312938073106,23.212182777056068,-6.041017055309039,22.57876914475223,33.05295173863094
HIGH_SENSITIVITY,Metal Fabrications,26,1,-0.27614031692217395,-0.004515682458922088,50.0,0.3881582367470146,0.09523913422431196,53.84615384615385,1.4872938921902101,0.3696374677133685,54.166666666666664,1.4976685938234329,3.644497987187867,60.0,-13.483701082076786,-14.166203535247412,20.0,-15.786374682542665,-17.386664683710464,0.0,-5.259946443926417,10.056545093638302,29.874267802113643,-16.35411023640603,4.878289160133975,32.93906065136429
HIGH_SENSITIVITY,Radio And Television Broadcasting And Communications Equipment,1,1,4.049675925821039,4.049675925821039,100.0,5.399567901094704,5.399567901094704,100.0,12.365005138100482,12.365005138100482,100.0,29.832610593776554,29.832610593776554,100.0,,,,,,,-5.696545783472273,39.7408127488333,89.11687903786495,,,
HIGH_SENSITIVITY,Semiconductors,28,1,0.2734276172475297,0.25077361424555855,53.57142857142857,-1.3198154655315404,-1.3508084083708072,46.42857142857143,-3.049725971855501,-5.216711679493391,35.714285714285715,3.300921578665512,2.0758537375354047,60.71428571428571,16.47724053909639,16.950667919027183,82.14285714285714,15.375569241195175,12.418450372339086,64.28571428571429,-10.411610099739299,7.2673380237835765,45.93237353835821,-11.757045023521002,27.97834345247887,48.15664454539293
VERY_HIGH_SENSITIVITY,Computer Software: Prepackaged Software,13,1,0.8480375654187201,0.953747112485992,61.53846153846154,1.6694988863581957,-0.6333122474061481,46.15384615384615,5.080598803032613,1.0777157165649642,61.53846153846154,7.6656214669583935,5.573149709889735,61.53846153846154,2.561813359737946,3.2206361815342532,61.53846153846154,13.6605521501657,4.331863116577339,61.53846153846154,-6.843106880926408,14.031578144030421,59.74979222682772,-8.185181794343166,40.2999511028526,57.34657840887686
VERY_HIGH_SENSITIVITY,Marine Transportation,1,1,-0.6696418044705665,-0.6696418044705665,0.0,3.1021051574392278,3.1021051574392278,100.0,4.309752018479629,4.309752018479629,100.0,7.6636900733158875,7.6636900733158875,100.0,,,,,,,-7.526324292931719,8.745420485657762,47.64002920377659,,,
VERY_HIGH_SENSITIVITY,Radio And Television Broadcasting And Communications Equipment,22,1,1.5776368548531574,1.0493150593677503,59.09090909090909,5.394435419514241,2.795396851061427,54.54545454545454,9.98639284082441,4.99133454574795,59.09090909090909,23.200582924305653,12.58578860028695,68.18181818181817,59.870577219530446,64.74718722997923,94.11764705882352,183.86470843027615,193.59051328892392,100.0,-11.022738599372634,38.81570731352099,120.10785079192641,-9.660375343178806,117.78067297597632,107.94388948007627
VERY_HIGH_SENSITIVITY,Semiconductors,42,1,0.09785789919483416,-0.8297845840896545,38.095238095238095,1.6642253620826981,-1.7525633445078737,40.476190476190474,3.821070577904198,-0.29459804716151505,47.61904761904761,0.4143496163995356,-2.4147068285222337,40.476190476190474,-8.51196811493434,-20.32141443193445,23.076923076923077,-18.10291142664865,-18.584883294701765,2.941176470588235,-12.49257844313723,9.251051281347022,59.97440628958864,-30.226299786805765,9.383729289588437,56.68984291009531
