Profile,Sector,Exact_Score,Rows,D1_Positive,D1_Positive_Rate_Pct,D1_Mean_Return_Pct,D1_Median_Return_Pct,D5_Positive,D5_Positive_Rate_Pct,D5_Mean_Return_Pct,D5_Median_Return_Pct,D8_Positive,D8_Positive_Rate_Pct,D8_Mean_Return_Pct,D8_Median_Return_Pct
V1,ALL,-15,1,0,0.0,-3.378788226537832,-3.378788226537832,0,0.0,-16.834623384590543,-16.834623384590543,0,0.0,-9.425020907909209,-9.425020907909209
V1,ALL,-10,3,2,66.66666666666667,1.5532221631137286,1.5086500394251967,2,66.66666666666667,4.876251824782104,3.0490680192555963,2,66.66666666666667,4.694110884663364,2.1597595426191996
V1,ALL,-5,21,8,38.095238095238095,0.3150318656670132,-0.8095503623340661,12,57.142857142857146,-0.6032401064870526,1.3977211541099654,8,38.095238095238095,-1.8418465796922423,-1.0350776511555249
V1,ALL,0,23,14,60.869565217391305,1.1303627551022835,0.7351749735824642,12,52.17391304347826,1.1854430239962215,0.5498701725007438,14,60.869565217391305,1.4200462779439054,1.8595006582454277
V1,ALL,5,19,10,52.63157894736842,0.24143958992921538,0.027498133568126804,7,36.8421052631579,1.283263291990658,-0.8585301162078118,9,47.36842105263158,2.641717048092523,0.0
V1,ALL,10,69,36,52.17391304347826,0.09008952364585836,0.09280600846506282,36,52.17391304347826,1.1266460062505488,0.14367459755559864,36,52.17391304347826,2.189268299052613,1.2068912503837348
V1,ALL,15,69,40,57.971014492753625,0.6238028838881071,0.48528289878648767,38,55.072463768115945,1.233993999248058,0.9865883658023877,31,44.927536231884055,0.3744399451843,-0.6185494829289984
V1,ALL,20,69,45,65.21739130434783,0.6263993971385805,0.5125422424696602,45,65.21739130434783,1.5478260202324496,1.2229252301675153,44,63.768115942028984,1.7184343646861586,1.2658215623466695
V1,ALL,25,11,5,45.45454545454545,0.0676626817024951,-0.04917832671619271,9,81.81818181818181,2.0103571919370684,2.3036631115117556,5,45.45454545454545,-0.3649063288575818,-0.3686650008100534
V1,ALL,30,7,3,42.857142857142854,0.5349137089337327,-0.10741123806390362,6,85.71428571428571,1.1631459179498196,1.2375680196842431,7,100.0,3.7620746326889796,3.6434633915607417
V1,Technology,-15,1,0,0.0,-3.378788226537832,-3.378788226537832,0,0.0,-16.834623384590543,-16.834623384590543,0,0.0,-9.425020907909209,-9.425020907909209
V1,Technology,-10,1,1,100.0,6.309409553139345,6.309409553139345,1,100.0,13.569428839224296,13.569428839224296,1,100.0,18.95619362478427,18.95619362478427
V1,Technology,-5,15,5,33.333333333333336,0.467371052054597,-1.1403435536549766,7,46.666666666666664,-1.690384515898134,-1.1656272773554521,3,20.0,-3.6314295587265,-2.3526439138263577
V1,Technology,0,9,7,77.77777777777777,2.516052605463854,0.9316314528618141,7,77.77777777777777,4.688747502501069,3.920055243076037,8,88.88888888888889,4.523457651678125,2.425124251723565
V1,Technology,5,10,7,70.0,1.2217643116018362,0.7286059340130491,4,40.0,2.234271661205639,-1.5108547244148007,5,50.0,4.721091611796298,0.45171959050960275
V1,Technology,10,32,18,56.25,-0.04259982848387986,0.1001484123470564,15,46.875,0.5046213560783962,-0.19553002744171488,15,46.875,1.4131881476197619,-0.24216016060719103
V1,Technology,15,32,22,68.75,0.9476219191952673,1.020384843885258,19,59.375,1.8937044889387171,1.0533982683128995,13,40.625,0.7268550849583246,-1.3311229136076408
V1,Technology,20,36,28,77.77777777777777,1.2163847187710497,0.9859225677298467,27,75.0,2.1092329316475475,1.9255597568117566,24,66.66666666666667,2.00334846992795,2.342169333537647
V1,Technology,25,3,0,0.0,-1.0189193291902932,-0.9615329948400753,2,66.66666666666667,-0.020514526550659735,0.866234496546614,2,66.66666666666667,0.8436241285728804,1.016653759076691
V1,Technology,30,3,2,66.66666666666667,1.4117726149085907,2.182214911840741,3,100.0,1.7640959592567729,1.7512228050382328,3,100.0,4.386569830218345,4.342603012849122
V1,Industrials,-10,2,1,50.0,-0.8248715318990796,-0.8248715318990796,1,50.0,0.5296633175610077,0.5296633175610077,1,50.0,-2.4369304853970877,-2.4369304853970877
V1,Industrials,-5,6,3,50.0,-0.0658161003019464,-0.09193819808854253,5,83.33333333333333,2.1146209170406514,2.194668100167707,5,83.33333333333333,2.632110867893402,2.432492482200055
V1,Industrials,0,14,7,50.0,0.2395621370127023,0.08619903951702645,5,35.714285714285715,-1.0666812836140382,-0.842826050288481,6,42.857142857142854,-0.5750038908852355,-0.6341895223268779
V1,Industrials,5,9,3,33.333333333333336,-0.847810100818141,-0.8383002648075344,3,33.333333333333336,0.22658732619623453,-0.8468934394522565,4,44.44444444444444,0.33130086619943916,-0.41400738541659265
V1,Industrials,10,37,18,48.648648648648646,0.2048478822445509,-0.07106805561054585,21,56.75675675675676,1.6646132712643018,1.521923126931224,21,56.75675675675676,2.86047275434589,1.7517159164506468
V1,Industrials,15,37,18,48.648648648648646,0.3437431776765089,-0.17078871137639062,19,51.351351351351354,0.6634335757318122,0.22294079850628812,18,48.648648648648646,0.06964847294730579,-0.5148750282883419
V1,Industrials,20,33,17,51.515151515151516,-0.017220953733204144,0.19686858897480786,18,54.54545454545455,0.9353821168705249,0.08636817025260424,20,60.60606060606061,1.407618977149659,0.9527611920214119
V1,Industrials,25,8,5,62.5,0.4751309357872907,0.59025012345989,7,87.5,2.771934086369966,2.4585157266549973,3,37.5,-0.8181052503940051,-1.3499038695136356
V1,Industrials,30,4,1,25.0,-0.12273047054741082,-0.21827674270598618,3,75.0,0.7124333869696048,0.8576511687452548,4,100.0,3.293703234541956,2.842662932420692
V2,ALL,-15,1,0,0.0,-3.378788226537832,-3.378788226537832,0,0.0,-16.834623384590543,-16.834623384590543,0,0.0,-9.425020907909209,-9.425020907909209
V2,ALL,-10,3,2,66.66666666666667,1.5532221631137286,1.5086500394251967,2,66.66666666666667,4.876251824782104,3.0490680192555963,2,66.66666666666667,4.694110884663364,2.1597595426191996
V2,ALL,-5,21,8,38.095238095238095,0.3150318656670132,-0.8095503623340661,12,57.142857142857146,-0.6032401064870526,1.3977211541099654,8,38.095238095238095,-1.8418465796922423,-1.0350776511555249
V2,ALL,0,23,14,60.869565217391305,1.1303627551022835,0.7351749735824642,12,52.17391304347826,1.1854430239962215,0.5498701725007438,14,60.869565217391305,1.4200462779439054,1.8595006582454277
V2,ALL,5,19,10,52.63157894736842,0.24143958992921538,0.027498133568126804,7,36.8421052631579,1.283263291990658,-0.8585301162078118,9,47.36842105263158,2.641717048092523,0.0
V2,ALL,10,69,36,52.17391304347826,0.09008952364585836,0.09280600846506282,36,52.17391304347826,1.1266460062505488,0.14367459755559864,36,52.17391304347826,2.189268299052613,1.2068912503837348
V2,ALL,15,69,40,57.971014492753625,0.6238028838881071,0.48528289878648767,38,55.072463768115945,1.233993999248058,0.9865883658023877,31,44.927536231884055,0.3744399451843,-0.6185494829289984
V2,ALL,20,69,45,65.21739130434783,0.6263993971385805,0.5125422424696602,45,65.21739130434783,1.5478260202324496,1.2229252301675153,44,63.768115942028984,1.7184343646861586,1.2658215623466695
V2,ALL,25,11,5,45.45454545454545,0.0676626817024951,-0.04917832671619271,9,81.81818181818181,2.0103571919370684,2.3036631115117556,5,45.45454545454545,-0.3649063288575818,-0.3686650008100534
V2,ALL,30,7,3,42.857142857142854,0.5349137089337327,-0.10741123806390362,6,85.71428571428571,1.1631459179498196,1.2375680196842431,7,100.0,3.7620746326889796,3.6434633915607417
V2,Technology,-15,1,0,0.0,-3.378788226537832,-3.378788226537832,0,0.0,-16.834623384590543,-16.834623384590543,0,0.0,-9.425020907909209,-9.425020907909209
V2,Technology,-10,1,1,100.0,6.309409553139345,6.309409553139345,1,100.0,13.569428839224296,13.569428839224296,1,100.0,18.95619362478427,18.95619362478427
V2,Technology,-5,15,5,33.333333333333336,0.467371052054597,-1.1403435536549766,7,46.666666666666664,-1.690384515898134,-1.1656272773554521,3,20.0,-3.6314295587265,-2.3526439138263577
V2,Technology,0,9,7,77.77777777777777,2.516052605463854,0.9316314528618141,7,77.77777777777777,4.688747502501069,3.920055243076037,8,88.88888888888889,4.523457651678125,2.425124251723565
V2,Technology,5,10,7,70.0,1.2217643116018362,0.7286059340130491,4,40.0,2.234271661205639,-1.5108547244148007,5,50.0,4.721091611796298,0.45171959050960275
V2,Technology,10,32,18,56.25,-0.04259982848387986,0.1001484123470564,15,46.875,0.5046213560783962,-0.19553002744171488,15,46.875,1.4131881476197619,-0.24216016060719103
V2,Technology,15,32,22,68.75,0.9476219191952673,1.020384843885258,19,59.375,1.8937044889387171,1.0533982683128995,13,40.625,0.7268550849583246,-1.3311229136076408
V2,Technology,20,36,28,77.77777777777777,1.2163847187710497,0.9859225677298467,27,75.0,2.1092329316475475,1.9255597568117566,24,66.66666666666667,2.00334846992795,2.342169333537647
V2,Technology,25,3,0,0.0,-1.0189193291902932,-0.9615329948400753,2,66.66666666666667,-0.020514526550659735,0.866234496546614,2,66.66666666666667,0.8436241285728804,1.016653759076691
V2,Technology,30,3,2,66.66666666666667,1.4117726149085907,2.182214911840741,3,100.0,1.7640959592567729,1.7512228050382328,3,100.0,4.386569830218345,4.342603012849122
V2,Industrials,-10,2,1,50.0,-0.8248715318990796,-0.8248715318990796,1,50.0,0.5296633175610077,0.5296633175610077,1,50.0,-2.4369304853970877,-2.4369304853970877
V2,Industrials,-5,6,3,50.0,-0.0658161003019464,-0.09193819808854253,5,83.33333333333333,2.1146209170406514,2.194668100167707,5,83.33333333333333,2.632110867893402,2.432492482200055
V2,Industrials,0,14,7,50.0,0.2395621370127023,0.08619903951702645,5,35.714285714285715,-1.0666812836140382,-0.842826050288481,6,42.857142857142854,-0.5750038908852355,-0.6341895223268779
V2,Industrials,5,9,3,33.333333333333336,-0.847810100818141,-0.8383002648075344,3,33.333333333333336,0.22658732619623453,-0.8468934394522565,4,44.44444444444444,0.33130086619943916,-0.41400738541659265
V2,Industrials,10,37,18,48.648648648648646,0.2048478822445509,-0.07106805561054585,21,56.75675675675676,1.6646132712643018,1.521923126931224,21,56.75675675675676,2.86047275434589,1.7517159164506468
V2,Industrials,15,37,18,48.648648648648646,0.3437431776765089,-0.17078871137639062,19,51.351351351351354,0.6634335757318122,0.22294079850628812,18,48.648648648648646,0.06964847294730579,-0.5148750282883419
V2,Industrials,20,33,17,51.515151515151516,-0.017220953733204144,0.19686858897480786,18,54.54545454545455,0.9353821168705249,0.08636817025260424,20,60.60606060606061,1.407618977149659,0.9527611920214119
V2,Industrials,25,8,5,62.5,0.4751309357872907,0.59025012345989,7,87.5,2.771934086369966,2.4585157266549973,3,37.5,-0.8181052503940051,-1.3499038695136356
V2,Industrials,30,4,1,25.0,-0.12273047054741082,-0.21827674270598618,3,75.0,0.7124333869696048,0.8576511687452548,4,100.0,3.293703234541956,2.842662932420692
V3,ALL,-10,1,0,0.0,-3.378788226537832,-3.378788226537832,0,0.0,-16.834623384590543,-16.834623384590543,0,0.0,-9.425020907909209,-9.425020907909209
V3,ALL,0,2,1,50.0,0.7638593470306765,0.7638593470306765,1,50.0,-3.4994694657170258,-3.4994694657170258,1,50.0,-2.045188007805282,-2.045188007805282
V3,ALL,5,12,5,41.666666666666664,-0.2727359675200954,-1.040999696258632,5,41.666666666666664,0.6728615768067435,-0.6208132811756473,5,41.666666666666664,0.5099248655105657,-0.8387612529056565
V3,ALL,10,35,18,51.42857142857143,0.7711224388293036,0.09280600846506282,22,62.857142857142854,0.8049367506523553,1.3977211541099654,18,51.42857142857143,0.516445624153978,0.18964303596904486
V3,ALL,15,25,13,52.0,-0.05156677936889855,0.10749081622904999,10,40.0,1.0391781010839858,-0.9036655427131945,11,44.0,1.855129497274423,-0.1547723993572392
V3,ALL,20,60,36,60.0,0.7173053213106627,0.3435578849832033,32,53.333333333333336,1.5454082011566643,0.5122742339097819,32,53.333333333333336,2.248717889179012,0.7991050807400479
V3,ALL,25,62,32,51.61290322580645,0.23110133470008526,0.22666827176265336,36,58.064516129032256,1.3564501925568595,1.30921291127023,34,54.83870967741935,1.1970139560619228,0.6196261280250304
V3,ALL,30,66,42,63.63636363636363,0.6685086102218332,0.49207587046018464,40,60.60606060606061,0.9623549950577501,1.1407997742093334,34,51.515151515151516,0.540757394005154,0.2655197610123228
V3,ALL,35,24,14,58.333333333333336,0.4882119031648591,0.6545065561220809,17,70.83333333333333,2.169478119813889,1.1733645570622842,16,66.66666666666667,1.86604564135929,1.0489954218436015
V3,ALL,40,4,2,50.0,0.6116929782506553,0.06505455837633733,3,75.0,0.8280312077040469,1.088846810214139,4,100.0,3.175369985495652,2.605996434328084
V3,ALL,45,1,0,0.0,-0.7771796242433293,-0.7771796242433293,1,100.0,2.6009394719880508,2.6009394719880508,1,100.0,7.248577000710488,7.248577000710488
V3,Technology,-10,1,0,0.0,-3.378788226537832,-3.378788226537832,0,0.0,-16.834623384590543,-16.834623384590543,0,0.0,-9.425020907909209,-9.425020907909209
V3,Technology,0,2,1,50.0,0.7638593470306765,0.7638593470306765,1,50.0,-3.4994694657170258,-3.4994694657170258,1,50.0,-2.045188007805282,-2.045188007805282
V3,Technology,5,5,2,40.0,0.34467315061154524,-1.1403435536549766,2,40.0,0.7112097886427504,-1.1656272773554521,2,40.0,1.0544468084250052,-1.023798922396657
V3,Technology,10,21,12,57.142857142857146,1.3056323606159037,0.33846341646635025,13,61.904761904761905,1.198411599367916,1.3977211541099654,9,42.857142857142854,0.04645858310069893,-1.084595567175728
V3,Technology,15,12,5,41.666666666666664,-0.5428996121321333,-0.22039799420560113,5,41.666666666666664,-0.8284938256341966,-1.757167478412608,6,50.0,0.4554630141055143,0.45171959050960275
V3,Technology,20,27,20,74.07407407407408,0.9860019252899214,1.1235955056179803,16,59.25925925925926,2.5908219352063173,0.6514703514460596,15,55.55555555555556,3.589106024630615,2.6421075118215454
V3,Technology,25,29,22,75.86206896551724,1.1229775195462823,1.204957228597503,20,68.96551724137932,2.974447867583552,2.9830149507951598,16,55.172413793103445,2.354084577438073,1.3495444385581923
V3,Technology,30,32,21,65.625,0.9472315840072083,0.32018976048794334,19,59.375,0.939431758658376,1.1874025988520054,16,50.0,0.7753510315471387,-0.11968918012217888
V3,Technology,35,11,6,54.54545454545455,0.582156926325019,0.8062975948882167,7,63.63636363636363,0.8244338783733389,0.866234496546614,7,63.63636363636363,0.20669055675373935,0.8567378353139032
V3,Technology,40,1,1,100.0,2.8302825571283607,2.8302825571283607,1,100.0,0.9401256007440351,0.9401256007440351,1,100.0,1.5685294770954261,1.5685294770954261
V3,Technology,45,1,0,0.0,-0.7771796242433293,-0.7771796242433293,1,100.0,2.6009394719880508,2.6009394719880508,1,100.0,7.248577000710488,7.248577000710488
V3,Industrials,5,7,3,42.857142857142854,-0.7137424804712672,-1.0122691072570023,3,42.857142857142854,0.6454699969238816,-0.34559411839103493,3,42.857142857142854,0.12098062057168038,-0.653723583414656
V3,Industrials,10,14,6,42.857142857142854,-0.030642443850596557,-0.21699783905514414,9,64.28571428571429,0.2147244775790139,1.3966540840152586,9,64.28571428571429,1.2214261857338966,1.9730148957508797
V3,Industrials,15,13,8,61.53846153846154,0.40197122010485664,0.2335034310885442,5,38.46153846153846,2.763182956516154,-0.8585301162078118,5,38.46153846153846,3.1471293278918773,-0.6146554612390998
V3,Industrials,20,33,16,48.484848484848484,0.49746264532763274,-0.07106805561054585,16,48.484848484848484,0.6900696914796758,-0.7245089932742976,17,51.515151515151516,1.1520366874458818,0.15561078763863812
V3,Industrials,25,33,10,30.303030303030305,-0.5526686459223303,-0.7125930064105224,16,48.484848484848484,-0.0654265521635668,-0.3404263838564958,18,54.54545454545455,0.18019431909500275,0.2552283648346254
V3,Industrials,30,34,21,61.76470588235294,0.4061811054826565,0.5276263615526355,21,61.76470588235294,0.9839298057865729,0.9746958560148511,18,52.94117647058823,0.31996338220093323,0.48134521511337125
V3,Industrials,35,13,8,61.53846153846154,0.40871996049087755,0.6377897662841692,10,76.92307692307692,3.3075924779558923,1.5570259155615496,9,69.23076923076923,3.270115328333218,2.296893633910302
V3,Industrials,40,3,1,33.333333333333336,-0.12783688137524654,-0.32914224734806874,2,66.66666666666667,0.7906664100240509,1.2375680196842431,3,100.0,3.7109834882957267,3.6434633915607417
