Profile,Sector,Minimum_Score,Rows,D1_Positive,D1_Positive_Rate_Pct,D1_Mean_Return_Pct,D1_Median_Return_Pct,D5_Positive,D5_Positive_Rate_Pct,D5_Mean_Return_Pct,D5_Median_Return_Pct,D8_Positive,D8_Positive_Rate_Pct,D8_Mean_Return_Pct,D8_Median_Return_Pct
V1,ALL,-15,292,163,55.821917808219176,0.46387350342975164,0.282830532229128,167,57.19178082191781,1.153128042005694,0.9633569832732114,156,53.42465753424658,1.2555500503633321,0.564874661589776
V1,ALL,-10,291,163,56.013745704467354,0.47707852655678806,0.2861360533047641,167,57.38831615120275,1.214941620791248,0.9865883658023877,156,53.608247422680414,1.2922530433470865,0.5714178222734789
V1,ALL,-5,288,161,55.90277777777778,0.4658686970093199,0.282830532229128,165,57.291666666666664,1.17680297283301,0.9633569832732114,154,53.47222222222222,1.2568170241667085,0.564874661589776
V1,ALL,0,267,153,57.30337078651685,0.477732268013771,0.29320789940883163,153,57.30337078651685,1.3168063610941383,0.8737798842713307,146,54.6816479400749,1.500532139076963,0.8024390505737999
V1,ALL,5,244,139,56.967213114754095,0.41621382046034566,0.2879717007378768,141,57.78688524590164,1.3291889707386142,0.9633569832732114,132,54.09836065573771,1.5081189210690136,0.7586830714846671
V1,ALL,10,225,129,57.333333333333336,0.43097253326075213,0.29320789940883163,134,59.55555555555556,1.3330671391662194,1.0246913262185409,123,54.666666666666664,1.4123928570092505,0.8024390505737999
V1,ALL,15,156,93,59.61538461538461,0.5817477105904167,0.46543043127572625,98,62.82051282051282,1.4243687941096892,1.1914018585611363,87,55.76923076923077,1.0687748730285327,0.7586830714846671
V1,ALL,20,87,53,60.91954022988506,0.5483936076301796,0.3523278112856243,60,68.96551724137932,1.5753557003792589,1.2236826043379834,56,64.36781609195403,1.6194542985601654,1.5685294770954261
V1,ALL,25,18,8,44.44444444444444,0.24937141451464306,-0.07829478239004817,15,83.33333333333333,1.6808861409420273,1.2662529577892268,12,66.66666666666667,1.240030711743859,1.7660270219986618
V1,ALL,30,7,3,42.857142857142854,0.5349137089337327,-0.10741123806390362,6,85.71428571428571,1.1631459179498196,1.2375680196842431,7,100.0,3.7620746326889796,3.6434633915607417
V1,Technology,-15,142,90,63.38028169014085,0.8361438049879619,0.7163501772790792,85,59.859154929577464,1.3650002727373622,1.0726994662956901,74,52.11267605633803,1.4033399616571993,0.4006600884952749
V1,Technology,-10,141,90,63.829787234042556,0.8660369399633222,0.7178711322876286,85,60.283687943262414,1.4940756178247943,1.1202081708234113,74,52.4822695035461,1.4801368472569612,0.558331500906073
V1,Technology,-5,140,89,63.57142857142857,0.8271557070120649,0.7163501772790792,84,60.0,1.4078230948147978,1.0726994662956901,73,52.142857142857146,1.355307870274623,0.4006600884952749
V1,Technology,0,125,84,67.2,0.870329865606961,0.8062975948882167,77,61.6,1.7796080081003496,1.1518799675364955,70,56.0,1.9537163617547582,1.016653759076691
V1,Technology,5,116,77,66.37931034482759,0.7426444806180641,0.7414100068074858,70,60.3448275862069,1.5538989093968454,1.072449748520976,62,53.44827586206897,1.754339882364152,0.8295884429438516
V1,Technology,10,106,70,66.0377358490566,0.6974444965629915,0.7414100068074858,66,62.264150943396224,1.4897128007356384,1.1360440691799534,57,53.77358490566038,1.4744576437384778,0.8295884429438516
V1,Technology,15,74,52,70.27027027027027,1.0174636641508277,0.9567522200290335,51,68.91891891891892,1.9156982903171487,1.51595939592859,42,56.75675675675676,1.5009525609790035,0.9366957971952972
V1,Technology,20,42,30,71.42857142857143,1.0706764222122067,0.7620843635879226,32,76.19047619047619,1.9324554723197631,1.797986229809112,29,69.04761904761905,2.0907411141376158,2.342169333537647
V1,Technology,25,6,2,33.333333333333336,0.1964266428591488,-0.785394322879146,5,83.33333333333333,0.8717907163530566,1.345674202891134,5,83.33333333333333,2.615096979395613,2.03426588479092
V1,Technology,30,3,2,66.66666666666667,1.4117726149085907,2.182214911840741,3,100.0,1.7640959592567729,1.7512228050382328,3,100.0,4.386569830218345,4.342603012849122
V1,Industrials,-10,150,73,48.666666666666664,0.1114576179546459,-0.055141839385342006,82,54.666666666666664,0.9525556635797146,0.628446020873985,82,54.666666666666664,1.1156422676718043,0.6635103357919281
V1,Industrials,-5,148,72,48.648648648648646,0.12411071457429083,-0.055141839385342006,81,54.729729729729726,0.9582704250123999,0.628446020873985,81,54.729729729729726,1.1636500075781406,0.6635103357919281
V1,Industrials,0,142,69,48.59154929577465,0.13213579125920225,-0.055141839385342006,76,53.521126760563384,0.909410545067544,0.37283786670067043,76,53.521126760563384,1.1016023655929887,0.41406605828631093
V1,Industrials,5,128,62,48.4375,0.12038603469241319,-0.06012319116336928,71,55.46875,1.1255455888295922,0.6775486703499145,70,54.6875,1.2849811748952946,0.5041155138748699
V1,Industrials,10,119,59,49.57983193277311,0.1936109525041358,-0.03432918915832195,68,57.142857142857146,1.1935340288606864,0.8737798842713307,66,55.46218487394958,1.3571082570655693,0.5714178222734789
V1,Industrials,15,82,41,50.0,0.1885406305480948,-0.006032473975664532,47,57.31707317073171,0.9809738828980795,0.5065797636792824,45,54.8780487804878,0.6787608619512786,0.41406605828631093
V1,Industrials,20,45,23,51.111111111111114,0.06092964735362102,0.19686858897480786,28,62.22222222222222,1.2420625799014549,0.5354252095522982,27,60.0,1.1795866040212117,1.081337084610512
V1,Industrials,25,12,6,50.0,0.2758438003423902,0.20503651869227535,10,83.33333333333333,2.085433853236512,1.2662529577892268,7,58.333333333333336,0.5524975779179819,1.6951085345332517
V1,Industrials,30,4,1,25.0,-0.12273047054741082,-0.21827674270598618,3,75.0,0.7124333869696048,0.8576511687452548,4,100.0,3.293703234541956,2.842662932420692
V2,ALL,-15,292,163,55.821917808219176,0.46387350342975164,0.282830532229128,167,57.19178082191781,1.153128042005694,0.9633569832732114,156,53.42465753424658,1.2555500503633321,0.564874661589776
V2,ALL,-10,291,163,56.013745704467354,0.47707852655678806,0.2861360533047641,167,57.38831615120275,1.214941620791248,0.9865883658023877,156,53.608247422680414,1.2922530433470865,0.5714178222734789
V2,ALL,-5,288,161,55.90277777777778,0.4658686970093199,0.282830532229128,165,57.291666666666664,1.17680297283301,0.9633569832732114,154,53.47222222222222,1.2568170241667085,0.564874661589776
V2,ALL,0,267,153,57.30337078651685,0.477732268013771,0.29320789940883163,153,57.30337078651685,1.3168063610941383,0.8737798842713307,146,54.6816479400749,1.500532139076963,0.8024390505737999
V2,ALL,5,244,139,56.967213114754095,0.41621382046034566,0.2879717007378768,141,57.78688524590164,1.3291889707386142,0.9633569832732114,132,54.09836065573771,1.5081189210690136,0.7586830714846671
V2,ALL,10,225,129,57.333333333333336,0.43097253326075213,0.29320789940883163,134,59.55555555555556,1.3330671391662194,1.0246913262185409,123,54.666666666666664,1.4123928570092505,0.8024390505737999
V2,ALL,15,156,93,59.61538461538461,0.5817477105904167,0.46543043127572625,98,62.82051282051282,1.4243687941096892,1.1914018585611363,87,55.76923076923077,1.0687748730285327,0.7586830714846671
V2,ALL,20,87,53,60.91954022988506,0.5483936076301796,0.3523278112856243,60,68.96551724137932,1.5753557003792589,1.2236826043379834,56,64.36781609195403,1.6194542985601654,1.5685294770954261
V2,ALL,25,18,8,44.44444444444444,0.24937141451464306,-0.07829478239004817,15,83.33333333333333,1.6808861409420273,1.2662529577892268,12,66.66666666666667,1.240030711743859,1.7660270219986618
V2,ALL,30,7,3,42.857142857142854,0.5349137089337327,-0.10741123806390362,6,85.71428571428571,1.1631459179498196,1.2375680196842431,7,100.0,3.7620746326889796,3.6434633915607417
V2,Technology,-15,142,90,63.38028169014085,0.8361438049879619,0.7163501772790792,85,59.859154929577464,1.3650002727373622,1.0726994662956901,74,52.11267605633803,1.4033399616571993,0.4006600884952749
V2,Technology,-10,141,90,63.829787234042556,0.8660369399633222,0.7178711322876286,85,60.283687943262414,1.4940756178247943,1.1202081708234113,74,52.4822695035461,1.4801368472569612,0.558331500906073
V2,Technology,-5,140,89,63.57142857142857,0.8271557070120649,0.7163501772790792,84,60.0,1.4078230948147978,1.0726994662956901,73,52.142857142857146,1.355307870274623,0.4006600884952749
V2,Technology,0,125,84,67.2,0.870329865606961,0.8062975948882167,77,61.6,1.7796080081003496,1.1518799675364955,70,56.0,1.9537163617547582,1.016653759076691
V2,Technology,5,116,77,66.37931034482759,0.7426444806180641,0.7414100068074858,70,60.3448275862069,1.5538989093968454,1.072449748520976,62,53.44827586206897,1.754339882364152,0.8295884429438516
V2,Technology,10,106,70,66.0377358490566,0.6974444965629915,0.7414100068074858,66,62.264150943396224,1.4897128007356384,1.1360440691799534,57,53.77358490566038,1.4744576437384778,0.8295884429438516
V2,Technology,15,74,52,70.27027027027027,1.0174636641508277,0.9567522200290335,51,68.91891891891892,1.9156982903171487,1.51595939592859,42,56.75675675675676,1.5009525609790035,0.9366957971952972
V2,Technology,20,42,30,71.42857142857143,1.0706764222122067,0.7620843635879226,32,76.19047619047619,1.9324554723197631,1.797986229809112,29,69.04761904761905,2.0907411141376158,2.342169333537647
V2,Technology,25,6,2,33.333333333333336,0.1964266428591488,-0.785394322879146,5,83.33333333333333,0.8717907163530566,1.345674202891134,5,83.33333333333333,2.615096979395613,2.03426588479092
V2,Technology,30,3,2,66.66666666666667,1.4117726149085907,2.182214911840741,3,100.0,1.7640959592567729,1.7512228050382328,3,100.0,4.386569830218345,4.342603012849122
V2,Industrials,-10,150,73,48.666666666666664,0.1114576179546459,-0.055141839385342006,82,54.666666666666664,0.9525556635797146,0.628446020873985,82,54.666666666666664,1.1156422676718043,0.6635103357919281
V2,Industrials,-5,148,72,48.648648648648646,0.12411071457429083,-0.055141839385342006,81,54.729729729729726,0.9582704250123999,0.628446020873985,81,54.729729729729726,1.1636500075781406,0.6635103357919281
V2,Industrials,0,142,69,48.59154929577465,0.13213579125920225,-0.055141839385342006,76,53.521126760563384,0.909410545067544,0.37283786670067043,76,53.521126760563384,1.1016023655929887,0.41406605828631093
V2,Industrials,5,128,62,48.4375,0.12038603469241319,-0.06012319116336928,71,55.46875,1.1255455888295922,0.6775486703499145,70,54.6875,1.2849811748952946,0.5041155138748699
V2,Industrials,10,119,59,49.57983193277311,0.1936109525041358,-0.03432918915832195,68,57.142857142857146,1.1935340288606864,0.8737798842713307,66,55.46218487394958,1.3571082570655693,0.5714178222734789
V2,Industrials,15,82,41,50.0,0.1885406305480948,-0.006032473975664532,47,57.31707317073171,0.9809738828980795,0.5065797636792824,45,54.8780487804878,0.6787608619512786,0.41406605828631093
V2,Industrials,20,45,23,51.111111111111114,0.06092964735362102,0.19686858897480786,28,62.22222222222222,1.2420625799014549,0.5354252095522982,27,60.0,1.1795866040212117,1.081337084610512
V2,Industrials,25,12,6,50.0,0.2758438003423902,0.20503651869227535,10,83.33333333333333,2.085433853236512,1.2662529577892268,7,58.333333333333336,0.5524975779179819,1.6951085345332517
V2,Industrials,30,4,1,25.0,-0.12273047054741082,-0.21827674270598618,3,75.0,0.7124333869696048,0.8576511687452548,4,100.0,3.293703234541956,2.842662932420692
V3,ALL,-10,292,163,55.821917808219176,0.46387350342975164,0.282830532229128,167,57.19178082191781,1.153128042005694,0.9633569832732114,156,53.42465753424658,1.2555500503633321,0.564874661589776
V3,ALL,0,291,163,56.013745704467354,0.47707852655678806,0.2861360533047641,167,57.38831615120275,1.214941620791248,0.9865883658023877,156,53.608247422680414,1.2922530433470865,0.5714178222734789
V3,ALL,5,289,162,56.055363321799305,0.47509388420056736,0.2861360533047641,166,57.43944636678201,1.2475673030508208,1.0120714273463172,155,53.63321799307958,1.3153495212097326,0.7149270923955342
V3,ALL,10,277,157,56.67870036101083,0.507490845285939,0.2898073481709895,161,58.12274368231047,1.2724643020216835,1.0246913262185409,150,54.151624548736464,1.3502415640559058,0.7556028493103772
V3,ALL,15,242,139,57.43801652892562,0.4693623090296673,0.2915076237899106,139,57.43801652892562,1.3400819230874954,0.9633569832732114,132,54.54545454545455,1.4708318859425484,0.7790209499420886
V3,ALL,20,217,126,58.064516129032256,0.5293771809649859,0.3158727944993833,129,59.44700460829493,1.3747482620279916,1.1202081708234113,121,55.76036866359447,1.4265579675863418,0.8567378353139032
V3,ALL,25,157,90,57.32484076433121,0.45755750949530055,0.29700711094957644,97,61.78343949044586,1.3095279031253144,1.1598784869547574,89,56.68789808917197,1.112356723665576,0.8567378353139032
V3,ALL,30,95,58,61.05263157894737,0.6053499604142831,0.4716094984507091,61,64.21052631578948,1.2789049352857798,1.1518799675364955,55,57.89473684210526,1.057106740417434,0.8831684056537004
V3,ALL,35,29,16,55.172413793103445,0.46160958499020377,0.4592513641007434,21,72.41379310344827,1.999328937184054,1.2375680196842431,21,72.41379310344827,2.232246632252278,1.5685294770954261
V3,ALL,40,5,2,40.0,0.33391845775185836,-0.32914224734806874,4,80.0,1.1826128605608477,1.2375680196842431,5,100.0,3.990011388538619,3.6434633915607417
V3,ALL,45,1,0,0.0,-0.7771796242433293,-0.7771796242433293,1,100.0,2.6009394719880508,2.6009394719880508,1,100.0,7.248577000710488,7.248577000710488
V3,Technology,-10,142,90,63.38028169014085,0.8361438049879619,0.7163501772790792,85,59.859154929577464,1.3650002727373622,1.0726994662956901,74,52.11267605633803,1.4033399616571993,0.4006600884952749
V3,Technology,0,141,90,63.829787234042556,0.8660369399633222,0.7178711322876286,85,60.283687943262414,1.4940756178247943,1.1202081708234113,74,52.4822695035461,1.4801368472569612,0.558331500906073
V3,Technology,5,139,89,64.02877697841727,0.8675071211565977,0.7178711322876286,84,60.431654676258994,1.5659251873721585,1.1518799675364955,73,52.51798561151079,1.5308609458909501,0.7149270923955342
V3,Technology,10,134,87,64.92537313432835,0.8870158514008161,0.7414100068074858,82,61.19402985074627,1.5978175529963903,1.1558792272456264,71,52.985074626865675,1.5486375928113212,0.7586830714846671
V3,Technology,15,113,75,66.3716814159292,0.8092198629626138,0.7649488813273431,69,61.06194690265487,1.6720434381839826,1.1518799675364955,62,54.86725663716814,1.8278036034655076,0.9034391810192055
V3,Technology,20,101,70,69.3069306930693,0.9698677213897126,0.9126039197177027,64,63.366336633663366,1.969136974479212,1.1598784869547574,56,55.445544554455445,1.9908539705181802,1.016653759076691
V3,Technology,25,74,50,67.56756756756756,0.9639809172639607,0.7856232381077799,48,64.86486486486487,1.7423059752949979,1.2787914584728832,41,55.4054054054054,1.407707950774454,0.8295884429438516
V3,Technology,30,45,28,62.22222222222222,0.8615164402375757,0.36085450982239475,28,62.22222222222222,0.9482589780423744,1.1518799675364955,25,55.55555555555556,0.7978207913690107,0.7149270923955342
V3,Technology,35,13,7,53.84615384615385,0.6505253171123263,0.8062975948882167,9,69.23076923076923,0.9699875180645241,0.9401256007440351,9,69.23076923076923,0.8531309693920804,1.016653759076691
V3,Technology,40,2,1,50.0,1.0265514664425157,1.0265514664425157,2,100.0,1.770532536366043,1.770532536366043,2,100.0,4.408553238902957,4.408553238902957
V3,Technology,45,1,0,0.0,-0.7771796242433293,-0.7771796242433293,1,100.0,2.6009394719880508,2.6009394719880508,1,100.0,7.248577000710488,7.248577000710488
V3,Industrials,5,150,73,48.666666666666664,0.1114576179546459,-0.055141839385342006,82,54.666666666666664,0.9525556635797146,0.628446020873985,82,54.666666666666664,1.1156422676718043,0.6635103357919281
V3,Industrials,10,143,70,48.95104895104895,0.15185202836710315,-0.04917832671619271,79,55.24475524475525,0.9675878290803499,0.7214668321956719,79,55.24475524475525,1.1643319986487335,0.7556028493103772
V3,Industrials,15,129,64,49.6124031007752,0.1716576300031326,-0.03432918915832195,70,54.263565891472865,1.0492939292432855,0.4777343178062665,70,54.263565891472865,1.1581357302829018,0.4368132054762608
V3,Industrials,20,116,56,48.275862068965516,0.1458466242158704,-0.06012319116336928,65,56.03448275862069,0.857220158945464,0.8467260077094307,65,56.03448275862069,0.9352312753784477,0.7055339680664408
V3,Industrials,25,83,40,48.19277108433735,0.006047483291916716,-0.04917832671619271,49,59.036144578313255,0.9236775737210184,1.0120714273463172,48,57.83132530120482,0.8490315332311547,0.8831684056537004
V3,Industrials,30,50,30,60.0,0.3748001285733198,0.49207587046018464,33,66.0,1.5764862968048445,1.1836438002832073,30,60.0,1.2904640945610149,1.0170491383159619
V3,Industrials,35,16,9,56.25,0.3081155526409793,0.344457195815695,12,75.0,2.835668840218672,1.2662529577892268,12,75.0,3.3527781083261883,2.646616661798995
V3,Industrials,40,3,1,33.333333333333336,-0.12783688137524654,-0.32914224734806874,2,66.66666666666667,0.7906664100240509,1.2375680196842431,3,100.0,3.7109834882957267,3.6434633915607417
