Run_ID,Engine_Version,Configuration_ID,Decision_Scope,Indicator_Set_ID,Indicator_Authority,Indicator_Module_Status,Indicator_Module_Reason,Ticker,Evaluated_At_UTC,As_Of_Date,First_Price_Date,Bars_Used,Minimum_History_Bars,Data_Status,Foundation_Eligible,Foundation_State,Foundation_Reason,Close,EMA_Period,EMA_Value,MACD_Fast_Period,MACD_Slow_Period,MACD_Signal_Period,MACD_Line,MACD_Signal_Line,MACD_Histogram,RSI_Period,RSI,RSI_Authority,RSI_Lower_Limit,RSI_Upper_Limit,RSI_Range_Status,RSI_Allows_Further_Processing,RSI_Message,ADX_Period,ADX,DMI_Positive,DMI_Negative,True_Range,ATR_Period,ATR,ATR_Pct,OBV,OBV_EMA_Period,OBV_EMA,Aroon_Period,Aroon_Up,Aroon_Down,Price_Adjustment,D1_Entry_Date,D1_Exit_Date,D1_Return_Pct,D1_Positive,D5_Entry_Date,D5_Exit_Date,D5_Return_Pct,D5_Positive,D8_Entry_Date,D8_Exit_Date,D8_Return_Pct,D8_Positive
V8BASICFOUND_20260712T212606Z_f6e0fc4,V8_BASIC_FOUNDATION_4,V8_BASIC_FOUNDATION_RSI_30_65_20260713,FOUNDATION_THEN_RSI_CONTINUATION_NO_SCORE,V1_V3_RAW_INDICATORS_RSI_GATE_1,RSI_GATE_OTHER_CALCULATION_ONLY,NOT_RUN_FOUNDATION_INELIGIBLE,Foundation eligibility was not confirmed,NVDA,2026-07-12T21:26:06.989017+00:00,2026-04-08,2023-01-03,818,300,DATA_VALID,False,FOUNDATION_NOT_ELIGIBLE_MACD_EARLY_RECOVERY_BELOW_ZERO,"close is above EMA and MACD line is improving above signal, but remains at or below zero",182.0800018310547,200,173.8954079058836,8,21,5,-0.5290969325117203,-1.857270986931335,1.3281740544196148,14,,CONTINUATION_GATE,30.0,65.0,RSI_NOT_EVALUATED_FOUNDATION_INELIGIBLE,,RSI rule was not evaluated because Foundation eligibility was not confirmed,14,,,,,14,,,,20,,14,,,UNADJUSTED_OHLC,2026-04-09,2026-04-09,1.1383674471551641,True,2026-04-09,2026-04-15,9.365375672166266,True,2026-04-09,2026-04-20,11.119666535370332,True
V8BASICFOUND_20260712T212606Z_f6e0fc4,V8_BASIC_FOUNDATION_4,V8_BASIC_FOUNDATION_RSI_30_65_20260713,FOUNDATION_THEN_RSI_CONTINUATION_NO_SCORE,V1_V3_RAW_INDICATORS_RSI_GATE_1,RSI_GATE_OTHER_CALCULATION_ONLY,NOT_RUN_FOUNDATION_INELIGIBLE,Foundation eligibility was not confirmed,NVDA,2026-07-12T21:26:06.989017+00:00,2026-04-30,2023-01-03,834,300,DATA_VALID,False,FOUNDATION_NOT_ELIGIBLE_MACD_POSITIVE_PULLBACK,"close is above EMA and MACD is positive, but MACD line is at or below signal line",199.57000732421875,200,177.87773368175888,8,21,5,7.47226551305917,8.357313638925412,-0.8850481258662413,14,,CONTINUATION_GATE,30.0,65.0,RSI_NOT_EVALUATED_FOUNDATION_INELIGIBLE,,RSI rule was not evaluated because Foundation eligibility was not confirmed,14,,,,,14,,,,20,,14,,,UNADJUSTED_OHLC,2026-05-01,2026-05-01,-1.4060025080573357,False,2026-05-01,2026-05-07,5.0775046118265,True,2026-05-01,2026-05-12,9.687996879104578,True
V8BASICFOUND_20260712T212606Z_f6e0fc4,V8_BASIC_FOUNDATION_4,V8_BASIC_FOUNDATION_RSI_30_65_20260713,FOUNDATION_THEN_RSI_CONTINUATION_NO_SCORE,V1_V3_RAW_INDICATORS_RSI_GATE_1,RSI_GATE_OTHER_CALCULATION_ONLY,NOT_RUN_FOUNDATION_INELIGIBLE,Foundation eligibility was not confirmed,NVDA,2026-07-12T21:26:06.989017+00:00,2026-05-07,2023-01-03,839,300,DATA_VALID,False,FOUNDATION_NOT_ELIGIBLE_MACD_POSITIVE_PULLBACK,"close is above EMA and MACD is positive, but MACD line is at or below signal line",211.5,200,179.08458934870035,8,21,5,4.835725627146303,4.9798115005236525,-0.14408587337734957,14,,CONTINUATION_GATE,30.0,65.0,RSI_NOT_EVALUATED_FOUNDATION_INELIGIBLE,,RSI rule was not evaluated because Foundation eligibility was not confirmed,14,,,,,14,,,,20,,14,,,UNADJUSTED_OHLC,2026-05-08,2026-05-08,1.0186350191897064,True,2026-05-08,2026-05-14,10.660473568980876,True,2026-05-08,2026-05-19,3.55818517321016,True
V8BASICFOUND_20260712T212606Z_f6e0fc4,V8_BASIC_FOUNDATION_4,V8_BASIC_FOUNDATION_RSI_30_65_20260713,FOUNDATION_THEN_RSI_CONTINUATION_NO_SCORE,V1_V3_RAW_INDICATORS_RSI_GATE_1,RSI_GATE_OTHER_CALCULATION_ONLY,NOT_RUN_FOUNDATION_INELIGIBLE,Foundation eligibility was not confirmed,NVDA,2026-07-12T21:26:06.989017+00:00,2026-06-09,2023-01-03,861,300,DATA_VALID,False,FOUNDATION_NOT_ELIGIBLE_MACD_NEGATIVE_WEAKENING,close is above EMA but MACD line is at or below both signal line and zero,208.19000244140625,200,186.74410980310788,8,21,5,-1.1954235071034134,0.3409502708290223,-1.5363737779324356,14,,CONTINUATION_GATE,30.0,65.0,RSI_NOT_EVALUATED_FOUNDATION_INELIGIBLE,,RSI rule was not evaluated because Foundation eligibility was not confirmed,14,,,,,14,,,,20,,14,,,UNADJUSTED_OHLC,2026-06-10,2026-06-10,-1.9615490145791115,False,2026-06-10,2026-06-16,1.4577171125052413,True,2026-06-10,2026-06-22,2.0642769514725323,True
V8BASICFOUND_20260712T212606Z_f6e0fc4,V8_BASIC_FOUNDATION_4,V8_BASIC_FOUNDATION_RSI_30_65_20260713,FOUNDATION_THEN_RSI_CONTINUATION_NO_SCORE,V1_V3_RAW_INDICATORS_RSI_GATE_1,RSI_GATE_OTHER_CALCULATION_ONLY,NOT_RUN_FOUNDATION_INELIGIBLE,Foundation eligibility was not confirmed,AAPL,2026-07-12T21:26:06.989017+00:00,2026-04-08,2023-01-03,818,300,DATA_VALID,False,FOUNDATION_NOT_ELIGIBLE_MACD_EARLY_RECOVERY_BELOW_ZERO,"close is above EMA and MACD line is improving above signal, but remains at or below zero",258.8999938964844,200,251.43102670475756,8,21,5,-0.04081293521002749,-1.0756792256456285,1.034866290435601,14,,CONTINUATION_GATE,30.0,65.0,RSI_NOT_EVALUATED_FOUNDATION_INELIGIBLE,,RSI rule was not evaluated because Foundation eligibility was not confirmed,14,,,,,14,,,,20,,14,,,UNADJUSTED_OHLC,2026-04-09,2026-04-09,0.5752858047779918,True,2026-04-09,2026-04-15,2.8687230408421804,True,2026-04-09,2026-04-20,5.424705711570943,True
V8BASICFOUND_20260712T212606Z_f6e0fc4,V8_BASIC_FOUNDATION_4,V8_BASIC_FOUNDATION_RSI_30_65_20260713,FOUNDATION_THEN_RSI_CONTINUATION_NO_SCORE,V1_V3_RAW_INDICATORS_RSI_GATE_1,RSI_GATE_OTHER_CALCULATION_ONLY,NOT_RUN_FOUNDATION_INELIGIBLE,Foundation eligibility was not confirmed,AAPL,2026-07-12T21:26:06.989017+00:00,2026-04-30,2023-01-03,834,300,DATA_VALID,False,FOUNDATION_NOT_ELIGIBLE_MACD_POSITIVE_PULLBACK,"close is above EMA and MACD is positive, but MACD line is at or below signal line",271.3500061035156,200,253.7944376509475,8,21,5,4.018096686869171,4.292378003409693,-0.274281316540522,14,,CONTINUATION_GATE,30.0,65.0,RSI_NOT_EVALUATED_FOUNDATION_INELIGIBLE,,RSI rule was not evaluated because Foundation eligibility was not confirmed,14,,,,,14,,,,20,,14,,,UNADJUSTED_OHLC,2026-05-01,2026-05-01,0.4590222205101524,True,2026-05-01,2026-05-07,3.0768190276661,True,2026-05-01,2026-05-12,5.716131133446933,True
V8BASICFOUND_20260712T212606Z_f6e0fc4,V8_BASIC_FOUNDATION_4,V8_BASIC_FOUNDATION_RSI_30_65_20260713,FOUNDATION_THEN_RSI_CONTINUATION_NO_SCORE,V1_V3_RAW_INDICATORS_RSI_GATE_1,RSI_GATE_OTHER_CALCULATION_ONLY,EXECUTED_FOUNDATION_ELIGIBLE,Foundation eligibility confirmed before indicator calculation,AAPL,2026-07-12T21:26:06.989017+00:00,2026-05-07,2023-01-03,839,300,DATA_VALID,True,FOUNDATION_ELIGIBLE_BULLISH_POSITIVE_MACD,close is above EMA and MACD line is above both signal line and zero,287.44000244140625,200,255.23201792974652,8,21,5,7.706809375733769,6.474441790082158,1.2323675856516116,14,69.3078472445289,CONTINUATION_GATE,30.0,65.0,RSI_ABOVE_CONFIGURED_RANGE,False,RSI 69.31 is above upper limit 65; further indicator rule processing is not allowed,14,18.912666627594792,39.032320538866294,16.706591577524186,6.350006103515625,14,6.649814109257447,2.3134616103452723,3716798200.0,20,3608590510.4777436,14,100.0,42.857142857142854,UNADJUSTED_OHLC,2026-05-08,2026-05-08,1.1413390735267148,True,2026-05-08,2026-05-14,2.8274822983110237,True,2026-05-08,2026-05-19,3.089545585795217,True
V8BASICFOUND_20260712T212606Z_f6e0fc4,V8_BASIC_FOUNDATION_4,V8_BASIC_FOUNDATION_RSI_30_65_20260713,FOUNDATION_THEN_RSI_CONTINUATION_NO_SCORE,V1_V3_RAW_INDICATORS_RSI_GATE_1,RSI_GATE_OTHER_CALCULATION_ONLY,NOT_RUN_FOUNDATION_INELIGIBLE,Foundation eligibility was not confirmed,AAPL,2026-07-12T21:26:06.989017+00:00,2026-06-09,2023-01-03,861,300,DATA_VALID,False,FOUNDATION_NOT_ELIGIBLE_MACD_POSITIVE_PULLBACK,"close is above EMA and MACD is positive, but MACD line is at or below signal line",290.54998779296875,200,264.81177203350984,8,21,5,2.7830280122082627,5.899255894683307,-3.1162278824750445,14,,CONTINUATION_GATE,30.0,65.0,RSI_NOT_EVALUATED_FOUNDATION_INELIGIBLE,,RSI rule was not evaluated because Foundation eligibility was not confirmed,14,,,,,14,,,,20,,14,,,UNADJUSTED_OHLC,2026-06-10,2026-06-10,0.2889166836710366,True,2026-06-10,2026-06-16,2.923574425777442,True,2026-06-10,2026-06-22,2.1565727941985413,True
V8BASICFOUND_20260712T212606Z_f6e0fc4,V8_BASIC_FOUNDATION_4,V8_BASIC_FOUNDATION_RSI_30_65_20260713,FOUNDATION_THEN_RSI_CONTINUATION_NO_SCORE,V1_V3_RAW_INDICATORS_RSI_GATE_1,RSI_GATE_OTHER_CALCULATION_ONLY,NOT_RUN_FOUNDATION_INELIGIBLE,Foundation eligibility was not confirmed,MSFT,2026-07-12T21:26:06.989017+00:00,2026-04-08,2023-01-03,818,300,DATA_VALID,False,FOUNDATION_NOT_ELIGIBLE_BELOW_OR_AT_EMA,close is at or below the configured long-term EMA,374.3299865722656,200,446.1533696714203,8,21,5,-7.658999928201126,-9.547549759693156,1.8885498314920302,14,,CONTINUATION_GATE,30.0,65.0,RSI_NOT_EVALUATED_FOUNDATION_INELIGIBLE,,RSI rule was not evaluated because Foundation eligibility was not confirmed,14,,,,,14,,,,20,,14,,,UNADJUSTED_OHLC,2026-04-09,2026-04-09,0.15302210046141962,True,2026-04-09,2026-04-15,10.394631200188753,True,2026-04-09,2026-04-20,12.233559013213103,True
V8BASICFOUND_20260712T212606Z_f6e0fc4,V8_BASIC_FOUNDATION_4,V8_BASIC_FOUNDATION_RSI_30_65_20260713,FOUNDATION_THEN_RSI_CONTINUATION_NO_SCORE,V1_V3_RAW_INDICATORS_RSI_GATE_1,RSI_GATE_OTHER_CALCULATION_ONLY,NOT_RUN_FOUNDATION_INELIGIBLE,Foundation eligibility was not confirmed,MSFT,2026-07-12T21:26:06.989017+00:00,2026-04-30,2023-01-03,834,300,DATA_VALID,False,FOUNDATION_NOT_ELIGIBLE_BELOW_OR_AT_EMA,close is at or below the configured long-term EMA,407.7799987792969,200,441.0653104493067,8,21,5,10.264820791111049,12.360787852226789,-2.09596706111574,14,,CONTINUATION_GATE,30.0,65.0,RSI_NOT_EVALUATED_FOUNDATION_INELIGIBLE,,RSI rule was not evaluated because Foundation eligibility was not confirmed,14,,,,,14,,,,20,,14,,,UNADJUSTED_OHLC,2026-05-01,2026-05-01,0.3972903820094187,True,2026-05-01,2026-05-07,1.930717407070337,True,2026-05-01,2026-05-12,-1.218507492257881,False
V8BASICFOUND_20260712T212606Z_f6e0fc4,V8_BASIC_FOUNDATION_4,V8_BASIC_FOUNDATION_RSI_30_65_20260713,FOUNDATION_THEN_RSI_CONTINUATION_NO_SCORE,V1_V3_RAW_INDICATORS_RSI_GATE_1,RSI_GATE_OTHER_CALCULATION_ONLY,NOT_RUN_FOUNDATION_INELIGIBLE,Foundation eligibility was not confirmed,MSFT,2026-07-12T21:26:06.989017+00:00,2026-05-07,2023-01-03,839,300,DATA_VALID,False,FOUNDATION_NOT_ELIGIBLE_BELOW_OR_AT_EMA,close is at or below the configured long-term EMA,420.7699890136719,200,439.78726158075193,8,21,5,5.558391108753995,6.875936226690267,-1.3175451179362723,14,,CONTINUATION_GATE,30.0,65.0,RSI_NOT_EVALUATED_FOUNDATION_INELIGIBLE,,RSI rule was not evaluated because Foundation eligibility was not confirmed,14,,,,,14,,,,20,,14,,,UNADJUSTED_OHLC,2026-05-08,2026-05-08,-0.5438605265058905,False,2026-05-08,2026-05-14,-1.9070944903559428,False,2026-05-08,2026-05-19,0.00718722974772934,True
V8BASICFOUND_20260712T212606Z_f6e0fc4,V8_BASIC_FOUNDATION_4,V8_BASIC_FOUNDATION_RSI_30_65_20260713,FOUNDATION_THEN_RSI_CONTINUATION_NO_SCORE,V1_V3_RAW_INDICATORS_RSI_GATE_1,RSI_GATE_OTHER_CALCULATION_ONLY,NOT_RUN_FOUNDATION_INELIGIBLE,Foundation eligibility was not confirmed,MSFT,2026-07-12T21:26:06.989017+00:00,2026-06-09,2023-01-03,861,300,DATA_VALID,False,FOUNDATION_NOT_ELIGIBLE_BELOW_OR_AT_EMA,close is at or below the configured long-term EMA,403.4100036621094,200,436.17367944014984,8,21,5,-1.0410588915349308,3.127899843817537,-4.168958735352468,14,,CONTINUATION_GATE,30.0,65.0,RSI_NOT_EVALUATED_FOUNDATION_INELIGIBLE,,RSI rule was not evaluated because Foundation eligibility was not confirmed,14,,,,,14,,,,20,,14,,,UNADJUSTED_OHLC,2026-06-10,2026-06-10,-0.29858298277617434,False,2026-06-10,2026-06-16,-1.1842934049103637,False,2026-06-10,2026-06-22,-7.83088506109566,False
V8BASICFOUND_20260712T212606Z_f6e0fc4,V8_BASIC_FOUNDATION_4,V8_BASIC_FOUNDATION_RSI_30_65_20260713,FOUNDATION_THEN_RSI_CONTINUATION_NO_SCORE,V1_V3_RAW_INDICATORS_RSI_GATE_1,RSI_GATE_OTHER_CALCULATION_ONLY,EXECUTED_FOUNDATION_ELIGIBLE,Foundation eligibility confirmed before indicator calculation,GOOGL,2026-07-12T21:26:06.989017+00:00,2026-04-08,2023-01-03,818,300,DATA_VALID,True,FOUNDATION_ELIGIBLE_BULLISH_POSITIVE_MACD,close is above EMA and MACD line is above both signal line and zero,317.32000732421875,200,273.0228253964901,8,21,5,1.10160782531932,-2.7707269010243225,3.8723347263436425,14,61.99966918655578,CONTINUATION_GATE,30.0,65.0,RSI_WITHIN_CONFIGURED_RANGE,True,RSI 62.00 is within inclusive limits 30 to 65; further indicator rule processing is allowed,14,25.643709261500536,38.32384066872862,22.749878839818326,16.6199951171875,14,8.841661887121678,2.786354999068115,2517941000.0,20,2495796147.4812727,14,100.0,57.14285714285714,UNADJUSTED_OHLC,2026-04-09,2026-04-09,0.8166840373390327,True,2026-04-09,2026-04-15,6.713934731159665,True,2026-04-09,2026-04-20,6.80890428168639,True
V8BASICFOUND_20260712T212606Z_f6e0fc4,V8_BASIC_FOUNDATION_4,V8_BASIC_FOUNDATION_RSI_30_65_20260713,FOUNDATION_THEN_RSI_CONTINUATION_NO_SCORE,V1_V3_RAW_INDICATORS_RSI_GATE_1,RSI_GATE_OTHER_CALCULATION_ONLY,EXECUTED_FOUNDATION_ELIGIBLE,Foundation eligibility confirmed before indicator calculation,GOOGL,2026-07-12T21:26:06.989017+00:00,2026-04-30,2023-01-03,834,300,DATA_VALID,True,FOUNDATION_ELIGIBLE_BULLISH_POSITIVE_MACD,close is above EMA and MACD line is above both signal line and zero,384.7999877929688,200,282.94158006264644,8,21,5,17.3639587818127,14.327552883538083,3.036405898274616,14,82.35075097048252,CONTINUATION_GATE,30.0,65.0,RSI_ABOVE_CONFIGURED_RANGE,False,RSI 82.35 is above upper limit 65; further indicator rule processing is not allowed,14,35.2991676186759,47.723579983620134,9.363199736496734,35.899993896484375,14,10.1934549515258,2.649026838589743,2693404500.0,20,2575630181.627895,14,100.0,7.142857142857142,UNADJUSTED_OHLC,2026-05-01,2026-05-01,1.0638570098387534,True,2026-05-01,2026-05-07,4.286870828352751,True,2026-05-01,2026-05-12,1.498834249801595,True
V8BASICFOUND_20260712T212606Z_f6e0fc4,V8_BASIC_FOUNDATION_4,V8_BASIC_FOUNDATION_RSI_30_65_20260713,FOUNDATION_THEN_RSI_CONTINUATION_NO_SCORE,V1_V3_RAW_INDICATORS_RSI_GATE_1,RSI_GATE_OTHER_CALCULATION_ONLY,EXECUTED_FOUNDATION_ELIGIBLE,Foundation eligibility confirmed before indicator calculation,GOOGL,2026-07-12T21:26:06.989017+00:00,2026-05-07,2023-01-03,839,300,DATA_VALID,True,FOUNDATION_ELIGIBLE_BULLISH_POSITIVE_MACD,close is above EMA and MACD line is above both signal line and zero,397.989990234375,200,288.1999339481341,8,21,5,24.68812663586607,22.220915424540088,2.4672112113259814,14,83.41290395476318,CONTINUATION_GATE,30.0,65.0,RSI_ABOVE_CONFIGURED_RANGE,False,RSI 83.41 is above upper limit 65; further indicator rule processing is not allowed,14,46.24952264785619,43.67783472772509,6.752773306498955,7.420013427734318,14,9.757534791456212,2.451703568150051,2727964700.0,20,2634723526.5827775,14,100.0,14.285714285714285,UNADJUSTED_OHLC,2026-05-08,2026-05-08,0.9571757664908809,True,2026-05-08,2026-05-14,1.025190761767969,True,2026-05-08,2026-05-19,-2.3526439138263577,False
V8BASICFOUND_20260712T212606Z_f6e0fc4,V8_BASIC_FOUNDATION_4,V8_BASIC_FOUNDATION_RSI_30_65_20260713,FOUNDATION_THEN_RSI_CONTINUATION_NO_SCORE,V1_V3_RAW_INDICATORS_RSI_GATE_1,RSI_GATE_OTHER_CALCULATION_ONLY,NOT_RUN_FOUNDATION_INELIGIBLE,Foundation eligibility was not confirmed,GOOGL,2026-07-12T21:26:06.989017+00:00,2026-06-09,2023-01-03,861,300,DATA_VALID,False,FOUNDATION_NOT_ELIGIBLE_MACD_NEGATIVE_WEAKENING,close is above EMA but MACD line is at or below both signal line and zero,364.260009765625,200,306.8593667367061,8,21,5,-4.683380203543209,-2.7830531574061945,-1.900327046137014,14,,CONTINUATION_GATE,30.0,65.0,RSI_NOT_EVALUATED_FOUNDATION_INELIGIBLE,,RSI rule was not evaluated because Foundation eligibility was not confirmed,14,,,,,14,,,,20,,14,,,UNADJUSTED_OHLC,2026-06-10,2026-06-10,-1.8750509410546012,False,2026-06-10,2026-06-16,2.7698993614827527,True,2026-06-10,2026-06-22,-3.7198187380735104,False
V8BASICFOUND_20260712T212606Z_f6e0fc4,V8_BASIC_FOUNDATION_4,V8_BASIC_FOUNDATION_RSI_30_65_20260713,FOUNDATION_THEN_RSI_CONTINUATION_NO_SCORE,V1_V3_RAW_INDICATORS_RSI_GATE_1,RSI_GATE_OTHER_CALCULATION_ONLY,NOT_RUN_FOUNDATION_INELIGIBLE,Foundation eligibility was not confirmed,META,2026-07-12T21:26:06.989017+00:00,2026-04-08,2023-01-03,818,300,DATA_VALID,False,FOUNDATION_NOT_ELIGIBLE_BELOW_OR_AT_EMA,close is at or below the configured long-term EMA,612.4199829101562,200,649.9960358794543,8,21,5,-12.467142756413296,-19.513173161374528,7.046030404961233,14,,CONTINUATION_GATE,30.0,65.0,RSI_NOT_EVALUATED_FOUNDATION_INELIGIBLE,,RSI rule was not evaluated because Foundation eligibility was not confirmed,14,,,,,14,,,,20,,14,,,UNADJUSTED_OHLC,2026-04-09,2026-04-09,0.22649313550375805,True,2026-04-09,2026-04-15,7.115180705814361,True,2026-04-09,2026-04-20,7.008310524366745,True
V8BASICFOUND_20260712T212606Z_f6e0fc4,V8_BASIC_FOUNDATION_4,V8_BASIC_FOUNDATION_RSI_30_65_20260713,FOUNDATION_THEN_RSI_CONTINUATION_NO_SCORE,V1_V3_RAW_INDICATORS_RSI_GATE_1,RSI_GATE_OTHER_CALCULATION_ONLY,NOT_RUN_FOUNDATION_INELIGIBLE,Foundation eligibility was not confirmed,META,2026-07-12T21:26:06.989017+00:00,2026-04-30,2023-01-03,834,300,DATA_VALID,False,FOUNDATION_NOT_ELIGIBLE_BELOW_OR_AT_EMA,close is at or below the configured long-term EMA,611.9099731445312,200,651.6154731906511,8,21,5,9.307263419823357,16.724934153177845,-7.417670733354488,14,,CONTINUATION_GATE,30.0,65.0,RSI_NOT_EVALUATED_FOUNDATION_INELIGIBLE,,RSI rule was not evaluated because Foundation eligibility was not confirmed,14,,,,,14,,,,20,,14,,,UNADJUSTED_OHLC,2026-05-01,2026-05-01,-0.9663411504683528,False,2026-05-01,2026-05-07,0.3448884980668865,True,2026-05-01,2026-05-12,-1.901772014344838,False
V8BASICFOUND_20260712T212606Z_f6e0fc4,V8_BASIC_FOUNDATION_4,V8_BASIC_FOUNDATION_RSI_30_65_20260713,FOUNDATION_THEN_RSI_CONTINUATION_NO_SCORE,V1_V3_RAW_INDICATORS_RSI_GATE_1,RSI_GATE_OTHER_CALCULATION_ONLY,NOT_RUN_FOUNDATION_INELIGIBLE,Foundation eligibility was not confirmed,META,2026-07-12T21:26:06.989017+00:00,2026-05-07,2023-01-03,839,300,DATA_VALID,False,FOUNDATION_NOT_ELIGIBLE_BELOW_OR_AT_EMA,close is at or below the configured long-term EMA,616.8099975585938,200,649.6248315602369,8,21,5,-8.875705466799218,-3.7045714361580284,-5.1711340306411895,14,,CONTINUATION_GATE,30.0,65.0,RSI_NOT_EVALUATED_FOUNDATION_INELIGIBLE,,RSI rule was not evaluated because Foundation eligibility was not confirmed,14,,,,,14,,,,20,,14,,,UNADJUSTED_OHLC,2026-05-08,2026-05-08,-0.9053977915631561,False,2026-05-08,2026-05-14,0.5250293245545379,True,2026-05-08,2026-05-19,-2.046493271399985,False
V8BASICFOUND_20260712T212606Z_f6e0fc4,V8_BASIC_FOUNDATION_4,V8_BASIC_FOUNDATION_RSI_30_65_20260713,FOUNDATION_THEN_RSI_CONTINUATION_NO_SCORE,V1_V3_RAW_INDICATORS_RSI_GATE_1,RSI_GATE_OTHER_CALCULATION_ONLY,NOT_RUN_FOUNDATION_INELIGIBLE,Foundation eligibility was not confirmed,META,2026-07-12T21:26:06.989017+00:00,2026-06-09,2023-01-03,861,300,DATA_VALID,False,FOUNDATION_NOT_ELIGIBLE_BELOW_OR_AT_EMA,close is at or below the configured long-term EMA,584.5900268554688,200,641.8106792168487,8,21,5,-9.297396256694697,-5.794765252643436,-3.5026310040512607,14,,CONTINUATION_GATE,30.0,65.0,RSI_NOT_EVALUATED_FOUNDATION_INELIGIBLE,,RSI rule was not evaluated because Foundation eligibility was not confirmed,14,,,,,14,,,,20,,14,,,UNADJUSTED_OHLC,2026-06-10,2026-06-10,-1.6789214140675246,False,2026-06-10,2026-06-16,3.3544060336238246,True,2026-06-10,2026-06-22,-2.906687350494186,False
V8BASICFOUND_20260712T212606Z_f6e0fc4,V8_BASIC_FOUNDATION_4,V8_BASIC_FOUNDATION_RSI_30_65_20260713,FOUNDATION_THEN_RSI_CONTINUATION_NO_SCORE,V1_V3_RAW_INDICATORS_RSI_GATE_1,RSI_GATE_OTHER_CALCULATION_ONLY,EXECUTED_FOUNDATION_ELIGIBLE,Foundation eligibility confirmed before indicator calculation,AMD,2026-07-12T21:26:06.989017+00:00,2026-04-08,2023-01-03,818,300,DATA_VALID,True,FOUNDATION_ELIGIBLE_BULLISH_POSITIVE_MACD,close is above EMA and MACD line is above both signal line and zero,231.82000732421875,200,195.66512749787506,8,21,5,6.959845303366109,4.216957670780991,2.742887632585118,14,64.72467134759471,CONTINUATION_GATE,30.0,65.0,RSI_WITHIN_CONFIGURED_RANGE,True,RSI 64.72 is within inclusive limits 30 to 65; further indicator rule processing is allowed,14,13.95737302265937,34.52354608470367,18.416866340572984,12.470001220703125,14,10.308534923744158,4.446783969481483,3113056100.0,20,2986732938.2702484,14,100.0,7.142857142857142,UNADJUSTED_OHLC,2026-04-09,2026-04-09,1.5578751849230077,True,2026-04-09,2026-04-15,10.776362045540866,True,2026-04-09,2026-04-20,17.999235521618306,True
V8BASICFOUND_20260712T212606Z_f6e0fc4,V8_BASIC_FOUNDATION_4,V8_BASIC_FOUNDATION_RSI_30_65_20260713,FOUNDATION_THEN_RSI_CONTINUATION_NO_SCORE,V1_V3_RAW_INDICATORS_RSI_GATE_1,RSI_GATE_OTHER_CALCULATION_ONLY,EXECUTED_FOUNDATION_ELIGIBLE,Foundation eligibility confirmed before indicator calculation,AMD,2026-07-12T21:26:06.989017+00:00,2026-04-30,2023-01-03,834,300,DATA_VALID,True,FOUNDATION_ELIGIBLE_BULLISH_POSITIVE_MACD,close is above EMA and MACD line is above both signal line and zero,354.489990234375,200,210.08161124802746,8,21,5,37.84249159750209,34.86162903426775,2.9808625632343393,14,78.95297286526522,CONTINUATION_GATE,30.0,65.0,RSI_ABOVE_CONFIGURED_RANGE,False,RSI 78.95 is above upper limit 65; further indicator rule processing is not allowed,14,46.93243690138386,50.919537729124656,12.938468080297774,22.3599853515625,14,15.969625363203168,4.504958053299241,3523879900.0,20,3318997462.739603,14,100.0,0.0,UNADJUSTED_OHLC,2026-05-01,2026-05-01,2.463982024056044,True,2026-05-01,2026-05-07,16.082643340772428,True,2026-05-01,2026-05-12,27.402169768872287,True
V8BASICFOUND_20260712T212606Z_f6e0fc4,V8_BASIC_FOUNDATION_4,V8_BASIC_FOUNDATION_RSI_30_65_20260713,FOUNDATION_THEN_RSI_CONTINUATION_NO_SCORE,V1_V3_RAW_INDICATORS_RSI_GATE_1,RSI_GATE_OTHER_CALCULATION_ONLY,EXECUTED_FOUNDATION_ELIGIBLE,Foundation eligibility confirmed before indicator calculation,AMD,2026-07-12T21:26:06.989017+00:00,2026-05-07,2023-01-03,839,300,DATA_VALID,True,FOUNDATION_ELIGIBLE_BULLISH_POSITIVE_MACD,close is above EMA and MACD line is above both signal line and zero,408.4599914550781,200,218.26091309787375,8,21,5,46.65605801932543,41.51806595024226,5.137992069083168,14,76.13779673773453,CONTINUATION_GATE,30.0,65.0,RSI_ABOVE_CONFIGURED_RANGE,False,RSI 76.14 is above upper limit 65; further indicator rule processing is not allowed,14,50.9060608893758,52.0162928935505,10.162141584716231,20.6300048828125,14,20.64885557879188,5.0552945235183,3623240700.0,20,3427605542.032743,14,92.85714285714286,7.142857142857142,UNADJUSTED_OHLC,2026-05-08,2026-05-08,8.743640895319382,True,2026-05-08,2026-05-14,7.43209731271941,True,2026-05-08,2026-05-19,-1.084595567175728,False
V8BASICFOUND_20260712T212606Z_f6e0fc4,V8_BASIC_FOUNDATION_4,V8_BASIC_FOUNDATION_RSI_30_65_20260713,FOUNDATION_THEN_RSI_CONTINUATION_NO_SCORE,V1_V3_RAW_INDICATORS_RSI_GATE_1,RSI_GATE_OTHER_CALCULATION_ONLY,NOT_RUN_FOUNDATION_INELIGIBLE,Foundation eligibility was not confirmed,AMD,2026-07-12T21:26:06.989017+00:00,2026-06-09,2023-01-03,861,300,DATA_VALID,False,FOUNDATION_NOT_ELIGIBLE_MACD_POSITIVE_PULLBACK,"close is above EMA and MACD is positive, but MACD line is at or below signal line",475.510009765625,200,269.21793132160957,8,21,5,26.310112294371663,35.61916516038144,-9.309052866009779,14,,CONTINUATION_GATE,30.0,65.0,RSI_NOT_EVALUATED_FOUNDATION_INELIGIBLE,,RSI rule was not evaluated because Foundation eligibility was not confirmed,14,,,,,14,,,,20,,14,,,UNADJUSTED_OHLC,2026-06-10,2026-06-10,-3.3271379113200106,False,2026-06-10,2026-06-16,8.4022495505379,True,2026-06-10,2026-06-22,17.877215087266627,True
V8BASICFOUND_20260712T212606Z_f6e0fc4,V8_BASIC_FOUNDATION_4,V8_BASIC_FOUNDATION_RSI_30_65_20260713,FOUNDATION_THEN_RSI_CONTINUATION_NO_SCORE,V1_V3_RAW_INDICATORS_RSI_GATE_1,RSI_GATE_OTHER_CALCULATION_ONLY,EXECUTED_FOUNDATION_ELIGIBLE,Foundation eligibility confirmed before indicator calculation,AVGO,2026-07-12T21:26:06.989017+00:00,2026-04-08,2023-01-03,818,300,DATA_VALID,True,FOUNDATION_ELIGIBLE_BULLISH_POSITIVE_MACD,close is above EMA and MACD line is above both signal line and zero,350.6300048828125,200,314.86166823352124,8,21,5,3.0494499793538807,-1.991452330407768,5.040902309761648,14,64.36689598815465,CONTINUATION_GATE,30.0,65.0,RSI_WITHIN_CONFIGURED_RANGE,True,RSI 64.37 is within inclusive limits 30 to 65; further indicator rule processing is allowed,14,21.98202479579405,32.235031678796744,22.923032656372172,20.170013427734375,14,13.142903222672256,3.74836809161979,1871137000.0,20,1837799876.741182,14,100.0,57.14285714285714,UNADJUSTED_OHLC,2026-04-09,2026-04-09,0.7408504001068517,True,2026-04-09,2026-04-15,12.608576487898727,True,2026-04-09,2026-04-20,13.434578123703345,True
V8BASICFOUND_20260712T212606Z_f6e0fc4,V8_BASIC_FOUNDATION_4,V8_BASIC_FOUNDATION_RSI_30_65_20260713,FOUNDATION_THEN_RSI_CONTINUATION_NO_SCORE,V1_V3_RAW_INDICATORS_RSI_GATE_1,RSI_GATE_OTHER_CALCULATION_ONLY,NOT_RUN_FOUNDATION_INELIGIBLE,Foundation eligibility was not confirmed,AVGO,2026-07-12T21:26:06.989017+00:00,2026-04-30,2023-01-03,834,300,DATA_VALID,False,FOUNDATION_NOT_ELIGIBLE_MACD_POSITIVE_PULLBACK,"close is above EMA and MACD is positive, but MACD line is at or below signal line",417.4299926757813,200,327.52415443969284,8,21,5,21.641700807759776,24.095970833708645,-2.454270025948869,14,,CONTINUATION_GATE,30.0,65.0,RSI_NOT_EVALUATED_FOUNDATION_INELIGIBLE,,RSI rule was not evaluated because Foundation eligibility was not confirmed,14,,,,,14,,,,20,,14,,,UNADJUSTED_OHLC,2026-05-01,2026-05-01,1.4912434643130856,True,2026-05-01,2026-05-07,-0.6095060834078514,False,2026-05-01,2026-05-12,1.0142358265004203,True
V8BASICFOUND_20260712T212606Z_f6e0fc4,V8_BASIC_FOUNDATION_4,V8_BASIC_FOUNDATION_RSI_30_65_20260713,FOUNDATION_THEN_RSI_CONTINUATION_NO_SCORE,V1_V3_RAW_INDICATORS_RSI_GATE_1,RSI_GATE_OTHER_CALCULATION_ONLY,NOT_RUN_FOUNDATION_INELIGIBLE,Foundation eligibility was not confirmed,AVGO,2026-07-12T21:26:06.989017+00:00,2026-05-07,2023-01-03,839,300,DATA_VALID,False,FOUNDATION_NOT_ELIGIBLE_MACD_POSITIVE_PULLBACK,"close is above EMA and MACD is positive, but MACD line is at or below signal line",412.55999755859375,200,332.0640760534063,8,21,5,17.01301064278499,19.53522378280611,-2.522213140021119,14,,CONTINUATION_GATE,30.0,65.0,RSI_NOT_EVALUATED_FOUNDATION_INELIGIBLE,,RSI rule was not evaluated because Foundation eligibility was not confirmed,14,,,,,14,,,,20,,14,,,UNADJUSTED_OHLC,2026-05-08,2026-05-08,2.4297314205881992,True,2026-05-08,2026-05-14,4.7617964109640365,True,2026-05-08,2026-05-19,-2.0795571040024274,False
V8BASICFOUND_20260712T212606Z_f6e0fc4,V8_BASIC_FOUNDATION_4,V8_BASIC_FOUNDATION_RSI_30_65_20260713,FOUNDATION_THEN_RSI_CONTINUATION_NO_SCORE,V1_V3_RAW_INDICATORS_RSI_GATE_1,RSI_GATE_OTHER_CALCULATION_ONLY,NOT_RUN_FOUNDATION_INELIGIBLE,Foundation eligibility was not confirmed,AVGO,2026-07-12T21:26:06.989017+00:00,2026-06-09,2023-01-03,861,300,DATA_VALID,False,FOUNDATION_NOT_ELIGIBLE_MACD_NEGATIVE_WEAKENING,close is above EMA but MACD line is at or below both signal line and zero,392.1600036621094,200,350.5810936498533,8,21,5,-4.422250116275393,3.3453110329081124,-7.767561149183505,14,,CONTINUATION_GATE,30.0,65.0,RSI_NOT_EVALUATED_FOUNDATION_INELIGIBLE,,RSI rule was not evaluated because Foundation eligibility was not confirmed,14,,,,,14,,,,20,,14,,,UNADJUSTED_OHLC,2026-06-10,2026-06-10,-2.4639564604153064,False,2026-06-10,2026-06-16,-1.25557235777769,False,2026-06-10,2026-06-22,2.786370873607469,True
V8BASICFOUND_20260712T212606Z_f6e0fc4,V8_BASIC_FOUNDATION_4,V8_BASIC_FOUNDATION_RSI_30_65_20260713,FOUNDATION_THEN_RSI_CONTINUATION_NO_SCORE,V1_V3_RAW_INDICATORS_RSI_GATE_1,RSI_GATE_OTHER_CALCULATION_ONLY,NOT_RUN_FOUNDATION_INELIGIBLE,Foundation eligibility was not confirmed,ORCL,2026-07-12T21:26:06.989017+00:00,2026-04-08,2023-01-03,818,300,DATA_VALID,False,FOUNDATION_NOT_ELIGIBLE_BELOW_OR_AT_EMA,close is at or below the configured long-term EMA,143.66000366210938,200,189.5294208837343,8,21,5,-2.950068142148808,-3.1245378758676887,0.17446973371888053,14,,CONTINUATION_GATE,30.0,65.0,RSI_NOT_EVALUATED_FOUNDATION_INELIGIBLE,,RSI rule was not evaluated because Foundation eligibility was not confirmed,14,,,,,14,,,,20,,14,,,UNADJUSTED_OHLC,2026-04-09,2026-04-09,-3.0520368713300994,False,2026-04-09,2026-04-15,19.41631589514099,True,2026-04-09,2026-04-20,24.880454038047617,True
V8BASICFOUND_20260712T212606Z_f6e0fc4,V8_BASIC_FOUNDATION_4,V8_BASIC_FOUNDATION_RSI_30_65_20260713,FOUNDATION_THEN_RSI_CONTINUATION_NO_SCORE,V1_V3_RAW_INDICATORS_RSI_GATE_1,RSI_GATE_OTHER_CALCULATION_ONLY,NOT_RUN_FOUNDATION_INELIGIBLE,Foundation eligibility was not confirmed,ORCL,2026-07-12T21:26:06.989017+00:00,2026-04-30,2023-01-03,834,300,DATA_VALID,False,FOUNDATION_NOT_ELIGIBLE_BELOW_OR_AT_EMA,close is at or below the configured long-term EMA,161.38999938964844,200,186.29332324332933,8,21,5,3.705842179765,6.2383053578113525,-2.5324631780463527,14,,CONTINUATION_GATE,30.0,65.0,RSI_NOT_EVALUATED_FOUNDATION_INELIGIBLE,,RSI rule was not evaluated because Foundation eligibility was not confirmed,14,,,,,14,,,,20,,14,,,UNADJUSTED_OHLC,2026-05-01,2026-05-01,3.250813436866684,True,2026-05-01,2026-05-07,16.927051122995373,True,2026-05-01,2026-05-12,12.264153278856348,True
V8BASICFOUND_20260712T212606Z_f6e0fc4,V8_BASIC_FOUNDATION_4,V8_BASIC_FOUNDATION_RSI_30_65_20260713,FOUNDATION_THEN_RSI_CONTINUATION_NO_SCORE,V1_V3_RAW_INDICATORS_RSI_GATE_1,RSI_GATE_OTHER_CALCULATION_ONLY,EXECUTED_FOUNDATION_ELIGIBLE,Foundation eligibility confirmed before indicator calculation,ORCL,2026-07-12T21:26:06.989017+00:00,2026-05-07,2023-01-03,839,300,DATA_VALID,True,FOUNDATION_ELIGIBLE_BULLISH_POSITIVE_MACD,close is above EMA and MACD line is above both signal line and zero,194.58999633789065,200,186.24665283145706,8,21,5,9.619862143717427,7.560442978025375,2.059419165692052,14,68.75081124298367,CONTINUATION_GATE,30.0,65.0,RSI_ABOVE_CONFIGURED_RANGE,False,RSI 68.75 is above upper limit 65; further indicator rule processing is not allowed,14,26.874027493251628,42.63276281738914,15.201145712105937,9.349990844726591,14,8.941352765071302,4.594970416436684,596201900.0,20,514530821.56954527,14,100.0,64.28571428571429,UNADJUSTED_OHLC,2026-05-08,2026-05-08,1.7499195581812899,True,2026-05-08,2026-05-14,1.5733714562714773,True,2026-05-08,2026-05-19,-5.774221108868183,False
V8BASICFOUND_20260712T212606Z_f6e0fc4,V8_BASIC_FOUNDATION_4,V8_BASIC_FOUNDATION_RSI_30_65_20260713,FOUNDATION_THEN_RSI_CONTINUATION_NO_SCORE,V1_V3_RAW_INDICATORS_RSI_GATE_1,RSI_GATE_OTHER_CALCULATION_ONLY,NOT_RUN_FOUNDATION_INELIGIBLE,Foundation eligibility was not confirmed,ORCL,2026-07-12T21:26:06.989017+00:00,2026-06-09,2023-01-03,861,300,DATA_VALID,False,FOUNDATION_NOT_ELIGIBLE_MACD_POSITIVE_PULLBACK,"close is above EMA and MACD is positive, but MACD line is at or below signal line",205.80999755859372,200,190.00052934558107,8,21,5,9.703642798947413,13.048101246046592,-3.3444584470991785,14,,CONTINUATION_GATE,30.0,65.0,RSI_NOT_EVALUATED_FOUNDATION_INELIGIBLE,,RSI rule was not evaluated because Foundation eligibility was not confirmed,14,,,,,14,,,,20,,14,,,UNADJUSTED_OHLC,2026-06-10,2026-06-10,1.3904254442498543,True,2026-06-10,2026-06-16,-5.12342477024953,False,2026-06-10,2026-06-22,-11.803522758579977,False
V8BASICFOUND_20260712T212606Z_f6e0fc4,V8_BASIC_FOUNDATION_4,V8_BASIC_FOUNDATION_RSI_30_65_20260713,FOUNDATION_THEN_RSI_CONTINUATION_NO_SCORE,V1_V3_RAW_INDICATORS_RSI_GATE_1,RSI_GATE_OTHER_CALCULATION_ONLY,NOT_RUN_FOUNDATION_INELIGIBLE,Foundation eligibility was not confirmed,CRM,2026-07-12T21:26:06.989017+00:00,2026-04-08,2023-01-03,818,300,DATA_VALID,False,FOUNDATION_NOT_ELIGIBLE_BELOW_OR_AT_EMA,close is at or below the configured long-term EMA,176.3699951171875,200,231.47786201431006,8,21,5,-4.361611935137262,-3.828287980405824,-0.5333239547314377,14,,CONTINUATION_GATE,30.0,65.0,RSI_NOT_EVALUATED_FOUNDATION_INELIGIBLE,,RSI rule was not evaluated because Foundation eligibility was not confirmed,14,,,,,14,,,,20,,14,,,UNADJUSTED_OHLC,2026-04-09,2026-04-09,-1.3397194028761827,False,2026-04-09,2026-04-15,2.5581844322989378,True,2026-04-09,2026-04-20,7.564824300994211,True
V8BASICFOUND_20260712T212606Z_f6e0fc4,V8_BASIC_FOUNDATION_4,V8_BASIC_FOUNDATION_RSI_30_65_20260713,FOUNDATION_THEN_RSI_CONTINUATION_NO_SCORE,V1_V3_RAW_INDICATORS_RSI_GATE_1,RSI_GATE_OTHER_CALCULATION_ONLY,NOT_RUN_FOUNDATION_INELIGIBLE,Foundation eligibility was not confirmed,CRM,2026-07-12T21:26:06.989017+00:00,2026-04-30,2023-01-03,834,300,DATA_VALID,False,FOUNDATION_NOT_ELIGIBLE_BELOW_OR_AT_EMA,close is at or below the configured long-term EMA,176.52999877929688,200,223.65413317222774,8,21,5,-1.4666497081467185,-1.3753194004664557,-0.09133030768026273,14,,CONTINUATION_GATE,30.0,65.0,RSI_NOT_EVALUATED_FOUNDATION_INELIGIBLE,,RSI rule was not evaluated because Foundation eligibility was not confirmed,14,,,,,14,,,,20,,14,,,UNADJUSTED_OHLC,2026-05-01,2026-05-01,0.8946730671111958,True,2026-05-01,2026-05-07,2.27783843288496,True,2026-05-01,2026-05-12,-5.971790294207602,False
V8BASICFOUND_20260712T212606Z_f6e0fc4,V8_BASIC_FOUNDATION_4,V8_BASIC_FOUNDATION_RSI_30_65_20260713,FOUNDATION_THEN_RSI_CONTINUATION_NO_SCORE,V1_V3_RAW_INDICATORS_RSI_GATE_1,RSI_GATE_OTHER_CALCULATION_ONLY,NOT_RUN_FOUNDATION_INELIGIBLE,Foundation eligibility was not confirmed,CRM,2026-07-12T21:26:06.989017+00:00,2026-05-07,2023-01-03,839,300,DATA_VALID,False,FOUNDATION_NOT_ELIGIBLE_BELOW_OR_AT_EMA,close is at or below the configured long-term EMA,186.33999633789065,200,221.75749666661542,8,21,5,0.7820723093304593,0.1730182878724458,0.6090540214580136,14,,CONTINUATION_GATE,30.0,65.0,RSI_NOT_EVALUATED_FOUNDATION_INELIGIBLE,,RSI rule was not evaluated because Foundation eligibility was not confirmed,14,,,,,14,,,,20,,14,,,UNADJUSTED_OHLC,2026-05-08,2026-05-08,1.191014434366644,True,2026-05-08,2026-05-14,-6.734189302066628,False,2026-05-08,2026-05-19,-0.14469864060216997,False
V8BASICFOUND_20260712T212606Z_f6e0fc4,V8_BASIC_FOUNDATION_4,V8_BASIC_FOUNDATION_RSI_30_65_20260713,FOUNDATION_THEN_RSI_CONTINUATION_NO_SCORE,V1_V3_RAW_INDICATORS_RSI_GATE_1,RSI_GATE_OTHER_CALCULATION_ONLY,NOT_RUN_FOUNDATION_INELIGIBLE,Foundation eligibility was not confirmed,CRM,2026-07-12T21:26:06.989017+00:00,2026-06-09,2023-01-03,861,300,DATA_VALID,False,FOUNDATION_NOT_ELIGIBLE_BELOW_OR_AT_EMA,close is at or below the configured long-term EMA,175.35000610351562,200,213.84780640107985,8,21,5,0.9487793805690785,2.8021888882907993,-1.8534095077217208,14,,CONTINUATION_GATE,30.0,65.0,RSI_NOT_EVALUATED_FOUNDATION_INELIGIBLE,,RSI rule was not evaluated because Foundation eligibility was not confirmed,14,,,,,14,,,,20,,14,,,UNADJUSTED_OHLC,2026-06-10,2026-06-10,0.18756861311923778,True,2026-06-10,2026-06-16,-5.211019385459004,False,2026-06-10,2026-06-22,-12.004695342098282,False
V8BASICFOUND_20260712T212606Z_f6e0fc4,V8_BASIC_FOUNDATION_4,V8_BASIC_FOUNDATION_RSI_30_65_20260713,FOUNDATION_THEN_RSI_CONTINUATION_NO_SCORE,V1_V3_RAW_INDICATORS_RSI_GATE_1,RSI_GATE_OTHER_CALCULATION_ONLY,NOT_RUN_FOUNDATION_INELIGIBLE,Foundation eligibility was not confirmed,NOW,2026-07-12T21:26:06.989017+00:00,2026-04-08,2023-01-03,818,300,DATA_VALID,False,FOUNDATION_NOT_ELIGIBLE_BELOW_OR_AT_EMA,close is at or below the configured long-term EMA,97.47000122070312,200,147.54831016285704,8,21,5,-4.064818300180619,-3.6571013368290104,-0.40771696335160845,14,,CONTINUATION_GATE,30.0,65.0,RSI_NOT_EVALUATED_FOUNDATION_INELIGIBLE,,RSI rule was not evaluated because Foundation eligibility was not confirmed,14,,,,,14,,,,20,,14,,,UNADJUSTED_OHLC,2026-04-09,2026-04-09,-6.932645017001294,False,2026-04-09,2026-04-15,-2.393779853465039,False,2026-04-09,2026-04-20,3.336788829744175,True
V8BASICFOUND_20260712T212606Z_f6e0fc4,V8_BASIC_FOUNDATION_4,V8_BASIC_FOUNDATION_RSI_30_65_20260713,FOUNDATION_THEN_RSI_CONTINUATION_NO_SCORE,V1_V3_RAW_INDICATORS_RSI_GATE_1,RSI_GATE_OTHER_CALCULATION_ONLY,NOT_RUN_FOUNDATION_INELIGIBLE,Foundation eligibility was not confirmed,NOW,2026-07-12T21:26:06.989017+00:00,2026-04-30,2023-01-03,834,300,DATA_VALID,False,FOUNDATION_NOT_ELIGIBLE_BELOW_OR_AT_EMA,close is at or below the configured long-term EMA,88.30999755859375,200,139.34479152062596,8,21,5,-3.9299988330878364,-3.7139463893833886,-0.21605244370444776,14,,CONTINUATION_GATE,30.0,65.0,RSI_NOT_EVALUATED_FOUNDATION_INELIGIBLE,,RSI rule was not evaluated because Foundation eligibility was not confirmed,14,,,,,14,,,,20,,14,,,UNADJUSTED_OHLC,2026-05-01,2026-05-01,0.2529455143095438,True,2026-05-01,2026-05-07,2.9253228019217703,True,2026-05-01,2026-05-12,-2.122512150773548,False
V8BASICFOUND_20260712T212606Z_f6e0fc4,V8_BASIC_FOUNDATION_4,V8_BASIC_FOUNDATION_RSI_30_65_20260713,FOUNDATION_THEN_RSI_CONTINUATION_NO_SCORE,V1_V3_RAW_INDICATORS_RSI_GATE_1,RSI_GATE_OTHER_CALCULATION_ONLY,NOT_RUN_FOUNDATION_INELIGIBLE,Foundation eligibility was not confirmed,NOW,2026-07-12T21:26:06.989017+00:00,2026-05-07,2023-01-03,839,300,DATA_VALID,False,FOUNDATION_NOT_ELIGIBLE_BELOW_OR_AT_EMA,close is at or below the configured long-term EMA,93.58999633789062,200,137.01427719183252,8,21,5,-2.1826111667298704,-2.7817678992180648,0.5991567324881943,14,,CONTINUATION_GATE,30.0,65.0,RSI_NOT_EVALUATED_FOUNDATION_INELIGIBLE,,RSI rule was not evaluated because Foundation eligibility was not confirmed,14,,,,,14,,,,20,,14,,,UNADJUSTED_OHLC,2026-05-08,2026-05-08,0.05487002443198552,True,2026-05-08,2026-05-14,-0.691317099095301,False,2026-05-08,2026-05-19,11.741473609268006,True
V8BASICFOUND_20260712T212606Z_f6e0fc4,V8_BASIC_FOUNDATION_4,V8_BASIC_FOUNDATION_RSI_30_65_20260713,FOUNDATION_THEN_RSI_CONTINUATION_NO_SCORE,V1_V3_RAW_INDICATORS_RSI_GATE_1,RSI_GATE_OTHER_CALCULATION_ONLY,NOT_RUN_FOUNDATION_INELIGIBLE,Foundation eligibility was not confirmed,NOW,2026-07-12T21:26:06.989017+00:00,2026-06-09,2023-01-03,861,300,DATA_VALID,False,FOUNDATION_NOT_ELIGIBLE_BELOW_OR_AT_EMA,close is at or below the configured long-term EMA,106.97000122070312,200,130.9458656320791,8,21,5,5.0522113402330575,6.909007521095193,-1.8567961808621352,14,,CONTINUATION_GATE,30.0,65.0,RSI_NOT_EVALUATED_FOUNDATION_INELIGIBLE,,RSI rule was not evaluated because Foundation eligibility was not confirmed,14,,,,,14,,,,20,,14,,,UNADJUSTED_OHLC,2026-06-10,2026-06-10,0.7408803080745097,True,2026-06-10,2026-06-16,-3.7518968408451037,False,2026-06-10,2026-06-22,-11.654632204915327,False
V8BASICFOUND_20260712T212606Z_f6e0fc4,V8_BASIC_FOUNDATION_4,V8_BASIC_FOUNDATION_RSI_30_65_20260713,FOUNDATION_THEN_RSI_CONTINUATION_NO_SCORE,V1_V3_RAW_INDICATORS_RSI_GATE_1,RSI_GATE_OTHER_CALCULATION_ONLY,NOT_RUN_FOUNDATION_INELIGIBLE,Foundation eligibility was not confirmed,PANW,2026-07-12T21:26:06.989017+00:00,2026-04-08,2023-01-03,818,300,DATA_VALID,False,FOUNDATION_NOT_ELIGIBLE_BELOW_OR_AT_EMA,close is at or below the configured long-term EMA,173.77999877929688,200,180.0953243299612,8,21,5,2.2621349283976713,0.37370723637855147,1.8884276920191199,14,,CONTINUATION_GATE,30.0,65.0,RSI_NOT_EVALUATED_FOUNDATION_INELIGIBLE,,RSI rule was not evaluated because Foundation eligibility was not confirmed,14,,,,,14,,,,20,,14,,,UNADJUSTED_OHLC,2026-04-09,2026-04-09,-4.105888320629802,False,2026-04-09,2026-04-15,-5.759732866918277,False,2026-04-09,2026-04-20,-2.630068822273657,False
V8BASICFOUND_20260712T212606Z_f6e0fc4,V8_BASIC_FOUNDATION_4,V8_BASIC_FOUNDATION_RSI_30_65_20260713,FOUNDATION_THEN_RSI_CONTINUATION_NO_SCORE,V1_V3_RAW_INDICATORS_RSI_GATE_1,RSI_GATE_OTHER_CALCULATION_ONLY,EXECUTED_FOUNDATION_ELIGIBLE,Foundation eligibility confirmed before indicator calculation,PANW,2026-07-12T21:26:06.989017+00:00,2026-04-30,2023-01-03,834,300,DATA_VALID,True,FOUNDATION_ELIGIBLE_BULLISH_POSITIVE_MACD,close is above EMA and MACD line is above both signal line and zero,179.32000732421875,200,178.91156891867982,8,21,5,5.832251173255457,5.548410409066072,0.2838407641893852,14,58.789917326692134,CONTINUATION_GATE,30.0,65.0,RSI_WITHIN_CONFIGURED_RANGE,True,RSI 58.79 is within inclusive limits 30 to 65; further indicator rule processing is allowed,14,14.12881871922355,29.068513155127313,24.781388238612553,8.42999267578125,14,7.069328121689025,3.942297475433044,650017400.0,20,637308535.072588,14,85.71428571428571,0.0,UNADJUSTED_OHLC,2026-05-01,2026-05-01,-0.5054934994205063,False,2026-05-01,2026-05-07,7.983515812800479,True,2026-05-01,2026-05-12,18.461541815118455,True
V8BASICFOUND_20260712T212606Z_f6e0fc4,V8_BASIC_FOUNDATION_4,V8_BASIC_FOUNDATION_RSI_30_65_20260713,FOUNDATION_THEN_RSI_CONTINUATION_NO_SCORE,V1_V3_RAW_INDICATORS_RSI_GATE_1,RSI_GATE_OTHER_CALCULATION_ONLY,EXECUTED_FOUNDATION_ELIGIBLE,Foundation eligibility confirmed before indicator calculation,PANW,2026-07-12T21:26:06.989017+00:00,2026-05-07,2023-01-03,839,300,DATA_VALID,True,FOUNDATION_ELIGIBLE_BULLISH_POSITIVE_MACD,close is above EMA and MACD line is above both signal line and zero,196.52999877929688,200,179.2585576623908,8,21,5,7.228352500668706,6.270852359140225,0.957500141528481,14,70.77383018392835,CONTINUATION_GATE,30.0,65.0,RSI_ABOVE_CONFIGURED_RANGE,False,RSI 70.77 is above upper limit 65; further indicator rule processing is not allowed,14,16.0839217784427,37.744446608000935,17.94733134195443,15.410003662109403,14,7.3778441029731505,3.7540549273897197,659690900.0,20,644537911.5706246,14,100.0,7.142857142857142,UNADJUSTED_OHLC,2026-05-08,2026-05-08,6.68719444246495,True,2026-05-08,2026-05-14,22.253014756035604,True,2026-05-08,2026-05-19,23.238387149570606,True
V8BASICFOUND_20260712T212606Z_f6e0fc4,V8_BASIC_FOUNDATION_4,V8_BASIC_FOUNDATION_RSI_30_65_20260713,FOUNDATION_THEN_RSI_CONTINUATION_NO_SCORE,V1_V3_RAW_INDICATORS_RSI_GATE_1,RSI_GATE_OTHER_CALCULATION_ONLY,NOT_RUN_FOUNDATION_INELIGIBLE,Foundation eligibility was not confirmed,PANW,2026-07-12T21:26:06.989017+00:00,2026-06-09,2023-01-03,861,300,DATA_VALID,False,FOUNDATION_NOT_ELIGIBLE_MACD_POSITIVE_PULLBACK,"close is above EMA and MACD is positive, but MACD line is at or below signal line",260.5199890136719,200,194.33590915975455,8,21,5,16.183609598446026,20.880992927959866,-4.6973833295138405,14,,CONTINUATION_GATE,30.0,65.0,RSI_NOT_EVALUATED_FOUNDATION_INELIGIBLE,,RSI rule was not evaluated because Foundation eligibility was not confirmed,14,,,,,14,,,,20,,14,,,UNADJUSTED_OHLC,2026-06-10,2026-06-10,1.70395413767237,True,2026-06-10,2026-06-16,8.148833714631131,True,2026-06-10,2026-06-22,10.660328657375139,True
V8BASICFOUND_20260712T212606Z_f6e0fc4,V8_BASIC_FOUNDATION_4,V8_BASIC_FOUNDATION_RSI_30_65_20260713,FOUNDATION_THEN_RSI_CONTINUATION_NO_SCORE,V1_V3_RAW_INDICATORS_RSI_GATE_1,RSI_GATE_OTHER_CALCULATION_ONLY,NOT_RUN_FOUNDATION_INELIGIBLE,Foundation eligibility was not confirmed,CRWD,2026-07-12T21:26:06.989017+00:00,2026-04-08,2023-01-03,818,300,DATA_VALID,False,FOUNDATION_NOT_ELIGIBLE_BELOW_OR_AT_EMA,close is at or below the configured long-term EMA,106.62750244140624,200,110.15893575560898,8,21,5,0.09115926794297025,-1.1176905633411858,1.208849831284156,14,,CONTINUATION_GATE,30.0,65.0,RSI_NOT_EVALUATED_FOUNDATION_INELIGIBLE,,RSI rule was not evaluated because Foundation eligibility was not confirmed,14,,,,,14,,,,20,,14,,,UNADJUSTED_OHLC,2026-04-09,2026-04-09,-7.3477669147136275,False,2026-04-09,2026-04-15,-3.479038204141094,False,2026-04-09,2026-04-20,1.6831735586734675,True
V8BASICFOUND_20260712T212606Z_f6e0fc4,V8_BASIC_FOUNDATION_4,V8_BASIC_FOUNDATION_RSI_30_65_20260713,FOUNDATION_THEN_RSI_CONTINUATION_NO_SCORE,V1_V3_RAW_INDICATORS_RSI_GATE_1,RSI_GATE_OTHER_CALCULATION_ONLY,NOT_RUN_FOUNDATION_INELIGIBLE,Foundation eligibility was not confirmed,CRWD,2026-07-12T21:26:06.989017+00:00,2026-04-30,2023-01-03,834,300,DATA_VALID,False,FOUNDATION_NOT_ELIGIBLE_MACD_POSITIVE_PULLBACK,"close is above EMA and MACD is positive, but MACD line is at or below signal line",111.4375,200,109.80050148431057,8,21,5,3.6132957599319013,3.7006861033142613,-0.08739034338235996,14,,CONTINUATION_GATE,30.0,65.0,RSI_NOT_EVALUATED_FOUNDATION_INELIGIBLE,,RSI rule was not evaluated because Foundation eligibility was not confirmed,14,,,,,14,,,,20,,14,,,UNADJUSTED_OHLC,2026-05-01,2026-05-01,0.20893624269948674,True,2026-05-01,2026-05-07,11.223030747387686,True,2026-05-01,2026-05-12,20.121399138562523,True
V8BASICFOUND_20260712T212606Z_f6e0fc4,V8_BASIC_FOUNDATION_4,V8_BASIC_FOUNDATION_RSI_30_65_20260713,FOUNDATION_THEN_RSI_CONTINUATION_NO_SCORE,V1_V3_RAW_INDICATORS_RSI_GATE_1,RSI_GATE_OTHER_CALCULATION_ONLY,EXECUTED_FOUNDATION_ELIGIBLE,Foundation eligibility confirmed before indicator calculation,CRWD,2026-07-12T21:26:06.989017+00:00,2026-05-07,2023-01-03,839,300,DATA_VALID,True,FOUNDATION_ELIGIBLE_BULLISH_POSITIVE_MACD,close is above EMA and MACD line is above both signal line and zero,126.43000030517578,200,110.23988276827683,8,21,5,5.388206606284669,4.510337241972394,0.877869364312275,14,70.4281747591653,CONTINUATION_GATE,30.0,65.0,RSI_ABOVE_CONFIGURED_RANGE,False,RSI 70.43 is above upper limit 65; further indicator rule processing is not allowed,14,16.100504765163368,38.78266038128133,19.744420922909057,9.68000030517581,14,4.913436014401381,3.886289648454771,660876800.0,20,620762619.0153093,14,100.0,7.142857142857142,UNADJUSTED_OHLC,2026-05-08,2026-05-08,5.728458443943696,True,2026-05-08,2026-05-14,16.181705091274257,True,2026-05-08,2026-05-19,23.57991084654696,True
V8BASICFOUND_20260712T212606Z_f6e0fc4,V8_BASIC_FOUNDATION_4,V8_BASIC_FOUNDATION_RSI_30_65_20260713,FOUNDATION_THEN_RSI_CONTINUATION_NO_SCORE,V1_V3_RAW_INDICATORS_RSI_GATE_1,RSI_GATE_OTHER_CALCULATION_ONLY,NOT_RUN_FOUNDATION_INELIGIBLE,Foundation eligibility was not confirmed,CRWD,2026-07-12T21:26:06.989017+00:00,2026-06-09,2023-01-03,861,300,DATA_VALID,False,FOUNDATION_NOT_ELIGIBLE_MACD_POSITIVE_PULLBACK,"close is above EMA and MACD is positive, but MACD line is at or below signal line",161.2324981689453,200,120.64716547606355,8,21,5,9.26740922882135,13.435980008498252,-4.168570779676902,14,,CONTINUATION_GATE,30.0,65.0,RSI_NOT_EVALUATED_FOUNDATION_INELIGIBLE,,RSI rule was not evaluated because Foundation eligibility was not confirmed,14,,,,,14,,,,20,,14,,,UNADJUSTED_OHLC,2026-06-10,2026-06-10,1.3629971266113428,True,2026-06-10,2026-06-16,6.331464732888703,True,2026-06-10,2026-06-22,5.697693609890786,True
V8BASICFOUND_20260712T212606Z_f6e0fc4,V8_BASIC_FOUNDATION_4,V8_BASIC_FOUNDATION_RSI_30_65_20260713,FOUNDATION_THEN_RSI_CONTINUATION_NO_SCORE,V1_V3_RAW_INDICATORS_RSI_GATE_1,RSI_GATE_OTHER_CALCULATION_ONLY,EXECUTED_FOUNDATION_ELIGIBLE,Foundation eligibility confirmed before indicator calculation,ANET,2026-07-12T21:26:06.989017+00:00,2026-04-08,2023-01-03,818,300,DATA_VALID,True,FOUNDATION_ELIGIBLE_BULLISH_POSITIVE_MACD,close is above EMA and MACD line is above both signal line and zero,145.07000732421875,200,127.66176951417128,8,21,5,0.5463973181133781,-1.79847488820336,2.3448722063167384,14,61.71213413125906,CONTINUATION_GATE,30.0,65.0,RSI_WITHIN_CONFIGURED_RANGE,True,RSI 61.71 is within inclusive limits 30 to 65; further indicator rule processing is allowed,14,19.547604740702088,31.41557866367358,25.346049187716453,12.520004272460938,14,6.639399805029713,4.576686751101651,834521900.0,20,820007274.8729244,14,100.0,57.14285714285714,UNADJUSTED_OHLC,2026-04-09,2026-04-09,0.6477861191182432,True,2026-04-09,2026-04-15,6.353801379589696,True,2026-04-09,2026-04-20,14.981741714370322,True
V8BASICFOUND_20260712T212606Z_f6e0fc4,V8_BASIC_FOUNDATION_4,V8_BASIC_FOUNDATION_RSI_30_65_20260713,FOUNDATION_THEN_RSI_CONTINUATION_NO_SCORE,V1_V3_RAW_INDICATORS_RSI_GATE_1,RSI_GATE_OTHER_CALCULATION_ONLY,NOT_RUN_FOUNDATION_INELIGIBLE,Foundation eligibility was not confirmed,ANET,2026-07-12T21:26:06.989017+00:00,2026-04-30,2023-01-03,834,300,DATA_VALID,False,FOUNDATION_NOT_ELIGIBLE_MACD_POSITIVE_PULLBACK,"close is above EMA and MACD is positive, but MACD line is at or below signal line",172.7100067138672,200,133.10472949303337,8,21,5,9.936876142047282,10.997302478992287,-1.0604263369450049,14,,CONTINUATION_GATE,30.0,65.0,RSI_NOT_EVALUATED_FOUNDATION_INELIGIBLE,,RSI rule was not evaluated because Foundation eligibility was not confirmed,14,,,,,14,,,,20,,14,,,UNADJUSTED_OHLC,2026-05-01,2026-05-01,-0.16764468218560813,False,2026-05-01,2026-05-07,-18.058849934193777,False,2026-05-01,2026-05-12,-17.602180033594205,False
V8BASICFOUND_20260712T212606Z_f6e0fc4,V8_BASIC_FOUNDATION_4,V8_BASIC_FOUNDATION_RSI_30_65_20260713,FOUNDATION_THEN_RSI_CONTINUATION_NO_SCORE,V1_V3_RAW_INDICATORS_RSI_GATE_1,RSI_GATE_OTHER_CALCULATION_ONLY,NOT_RUN_FOUNDATION_INELIGIBLE,Foundation eligibility was not confirmed,ANET,2026-07-12T21:26:06.989017+00:00,2026-05-07,2023-01-03,839,300,DATA_VALID,False,FOUNDATION_NOT_ELIGIBLE_MACD_POSITIVE_PULLBACK,"close is above EMA and MACD is positive, but MACD line is at or below signal line",141.75,200,134.4503227248986,8,21,5,0.7809376576947216,5.361693407150661,-4.580755749455939,14,,CONTINUATION_GATE,30.0,65.0,RSI_NOT_EVALUATED_FOUNDATION_INELIGIBLE,,RSI rule was not evaluated because Foundation eligibility was not confirmed,14,,,,,14,,,,20,,14,,,UNADJUSTED_OHLC,2026-05-08,2026-05-08,-0.6168872496847166,False,2026-05-08,2026-05-14,3.6172477272265358,True,2026-05-08,2026-05-19,-0.7500820968882382,False
V8BASICFOUND_20260712T212606Z_f6e0fc4,V8_BASIC_FOUNDATION_4,V8_BASIC_FOUNDATION_RSI_30_65_20260713,FOUNDATION_THEN_RSI_CONTINUATION_NO_SCORE,V1_V3_RAW_INDICATORS_RSI_GATE_1,RSI_GATE_OTHER_CALCULATION_ONLY,NOT_RUN_FOUNDATION_INELIGIBLE,Foundation eligibility was not confirmed,ANET,2026-07-12T21:26:06.989017+00:00,2026-06-09,2023-01-03,861,300,DATA_VALID,False,FOUNDATION_NOT_ELIGIBLE_MACD_POSITIVE_PULLBACK,"close is above EMA and MACD is positive, but MACD line is at or below signal line",152.16000366210938,200,138.11038194825397,8,21,5,1.8884649883553664,3.4565239555727105,-1.5680589672173442,14,,CONTINUATION_GATE,30.0,65.0,RSI_NOT_EVALUATED_FOUNDATION_INELIGIBLE,,RSI rule was not evaluated because Foundation eligibility was not confirmed,14,,,,,14,,,,20,,14,,,UNADJUSTED_OHLC,2026-06-10,2026-06-10,0.5033076204211451,True,2026-06-10,2026-06-16,11.26489702439466,True,2026-06-10,2026-06-22,15.602647389797175,True
V8BASICFOUND_20260712T212606Z_f6e0fc4,V8_BASIC_FOUNDATION_4,V8_BASIC_FOUNDATION_RSI_30_65_20260713,FOUNDATION_THEN_RSI_CONTINUATION_NO_SCORE,V1_V3_RAW_INDICATORS_RSI_GATE_1,RSI_GATE_OTHER_CALCULATION_ONLY,NOT_RUN_FOUNDATION_INELIGIBLE,Foundation eligibility was not confirmed,MU,2026-07-12T21:26:06.989017+00:00,2026-04-08,2023-01-03,818,300,DATA_VALID,False,FOUNDATION_NOT_ELIGIBLE_MACD_EARLY_RECOVERY_BELOW_ZERO,"close is above EMA and MACD line is improving above signal, but remains at or below zero",406.7300109863281,200,277.7815605062676,8,21,5,-7.9434227633875025,-13.473367137904138,5.529944374516635,14,,CONTINUATION_GATE,30.0,65.0,RSI_NOT_EVALUATED_FOUNDATION_INELIGIBLE,,RSI rule was not evaluated because Foundation eligibility was not confirmed,14,,,,,14,,,,20,,14,,,UNADJUSTED_OHLC,2026-04-09,2026-04-09,3.4101285330568443,True,2026-04-09,2026-04-15,11.92807521455368,True,2026-04-09,2026-04-20,10.012028542670116,True
V8BASICFOUND_20260712T212606Z_f6e0fc4,V8_BASIC_FOUNDATION_4,V8_BASIC_FOUNDATION_RSI_30_65_20260713,FOUNDATION_THEN_RSI_CONTINUATION_NO_SCORE,V1_V3_RAW_INDICATORS_RSI_GATE_1,RSI_GATE_OTHER_CALCULATION_ONLY,EXECUTED_FOUNDATION_ELIGIBLE,Foundation eligibility confirmed before indicator calculation,MU,2026-07-12T21:26:06.989017+00:00,2026-04-30,2023-01-03,834,300,DATA_VALID,True,FOUNDATION_ELIGIBLE_BULLISH_POSITIVE_MACD,close is above EMA and MACD line is above both signal line and zero,517.1599731445312,200,306.51702299586,8,21,5,35.246585761297524,32.82543840067124,2.4211473606262857,14,67.90435233978818,CONTINUATION_GATE,30.0,65.0,RSI_ABOVE_CONFIGURED_RANGE,False,RSI 67.90 is above upper limit 65; further indicator rule processing is not allowed,14,26.65326601159797,32.2834469171587,17.066860836823196,32.920013427734375,14,27.65526578026001,5.347526339307618,1232655000.0,20,1207240885.569646,14,100.0,7.142857142857142,UNADJUSTED_OHLC,2026-05-01,2026-05-01,5.9459188061161905,True,2026-05-01,2026-05-07,26.34921380772233,True,2026-05-01,2026-05-12,49.78702155580497,True
V8BASICFOUND_20260712T212606Z_f6e0fc4,V8_BASIC_FOUNDATION_4,V8_BASIC_FOUNDATION_RSI_30_65_20260713,FOUNDATION_THEN_RSI_CONTINUATION_NO_SCORE,V1_V3_RAW_INDICATORS_RSI_GATE_1,RSI_GATE_OTHER_CALCULATION_ONLY,EXECUTED_FOUNDATION_ELIGIBLE,Foundation eligibility confirmed before indicator calculation,MU,2026-07-12T21:26:06.989017+00:00,2026-05-07,2023-01-03,839,300,DATA_VALID,True,FOUNDATION_ELIGIBLE_BULLISH_POSITIVE_MACD,close is above EMA and MACD line is above both signal line and zero,646.6300048828125,200,321.5626469328341,8,21,5,68.69405255001402,56.61914424470384,12.074908305310181,14,77.49459927583513,CONTINUATION_GATE,30.0,65.0,RSI_ABOVE_CONFIGURED_RANGE,False,RSI 77.49 is above upper limit 65; further indicator rule processing is not allowed,14,35.469612080930446,43.913005114441546,9.42225286264954,47.6700439453125,14,34.582255243735446,5.348074630406723,1391380800.0,20,1270522345.494569,14,100.0,7.142857142857142,UNADJUSTED_OHLC,2026-05-08,2026-05-08,10.401357688205405,True,2026-05-08,2026-05-14,14.71801253041043,True,2026-05-08,2026-05-19,3.295140457551171,True
V8BASICFOUND_20260712T212606Z_f6e0fc4,V8_BASIC_FOUNDATION_4,V8_BASIC_FOUNDATION_RSI_30_65_20260713,FOUNDATION_THEN_RSI_CONTINUATION_NO_SCORE,V1_V3_RAW_INDICATORS_RSI_GATE_1,RSI_GATE_OTHER_CALCULATION_ONLY,NOT_RUN_FOUNDATION_INELIGIBLE,Foundation eligibility was not confirmed,MU,2026-07-12T21:26:06.989017+00:00,2026-06-09,2023-01-03,861,300,DATA_VALID,False,FOUNDATION_NOT_ELIGIBLE_MACD_POSITIVE_PULLBACK,"close is above EMA and MACD is positive, but MACD line is at or below signal line",935.8900146484376,200,428.7086231266265,8,21,5,84.62734806104345,102.14361206623053,-17.516264005187082,14,,CONTINUATION_GATE,30.0,65.0,RSI_NOT_EVALUATED_FOUNDATION_INELIGIBLE,,RSI rule was not evaluated because Foundation eligibility was not confirmed,14,,,,,14,,,,20,,14,,,UNADJUSTED_OHLC,2026-06-10,2026-06-10,-1.4638781090585251,False,2026-06-10,2026-06-16,12.77496097345523,True,2026-06-10,2026-06-22,33.83491855842857,True
V8BASICFOUND_20260712T212606Z_f6e0fc4,V8_BASIC_FOUNDATION_4,V8_BASIC_FOUNDATION_RSI_30_65_20260713,FOUNDATION_THEN_RSI_CONTINUATION_NO_SCORE,V1_V3_RAW_INDICATORS_RSI_GATE_1,RSI_GATE_OTHER_CALCULATION_ONLY,NOT_RUN_FOUNDATION_INELIGIBLE,Foundation eligibility was not confirmed,QCOM,2026-07-12T21:26:06.989017+00:00,2026-04-08,2023-01-03,818,300,DATA_VALID,False,FOUNDATION_NOT_ELIGIBLE_BELOW_OR_AT_EMA,close is at or below the configured long-term EMA,127.51000213623048,200,153.57588135001328,8,21,5,-3.0286527206787497,-3.256830943567226,0.22817822288847633,14,,CONTINUATION_GATE,30.0,65.0,RSI_NOT_EVALUATED_FOUNDATION_INELIGIBLE,,RSI rule was not evaluated because Foundation eligibility was not confirmed,14,,,,,14,,,,20,,14,,,UNADJUSTED_OHLC,2026-04-09,2026-04-09,0.38503681875234896,True,2026-04-09,2026-04-15,4.549741331395851,True,2026-04-09,2026-04-20,8.062236338207217,True
V8BASICFOUND_20260712T212606Z_f6e0fc4,V8_BASIC_FOUNDATION_4,V8_BASIC_FOUNDATION_RSI_30_65_20260713,FOUNDATION_THEN_RSI_CONTINUATION_NO_SCORE,V1_V3_RAW_INDICATORS_RSI_GATE_1,RSI_GATE_OTHER_CALCULATION_ONLY,EXECUTED_FOUNDATION_ELIGIBLE,Foundation eligibility confirmed before indicator calculation,QCOM,2026-07-12T21:26:06.989017+00:00,2026-04-30,2023-01-03,834,300,DATA_VALID,True,FOUNDATION_ELIGIBLE_BULLISH_POSITIVE_MACD,close is above EMA and MACD line is above both signal line and zero,179.5800018310547,200,151.74896923804278,8,21,5,10.718311506722614,6.798670542893148,3.9196409638294663,14,87.39539717104904,CONTINUATION_GATE,30.0,65.0,RSI_ABOVE_CONFIGURED_RANGE,False,RSI 87.40 is above upper limit 65; further indicator rule processing is not allowed,14,30.925073208475652,59.697288286435565,10.10449224110649,30.889999389648438,14,7.220854769023172,4.020968201022968,415313500.0,20,293693711.1249488,14,100.0,7.142857142857142,UNADJUSTED_OHLC,2026-05-01,2026-05-01,-1.1835037783667124,False,2026-05-01,2026-05-07,13.074302199827859,True,2026-05-01,2026-05-12,17.40634836479755,True
V8BASICFOUND_20260712T212606Z_f6e0fc4,V8_BASIC_FOUNDATION_4,V8_BASIC_FOUNDATION_RSI_30_65_20260713,FOUNDATION_THEN_RSI_CONTINUATION_NO_SCORE,V1_V3_RAW_INDICATORS_RSI_GATE_1,RSI_GATE_OTHER_CALCULATION_ONLY,EXECUTED_FOUNDATION_ELIGIBLE,Foundation eligibility confirmed before indicator calculation,QCOM,2026-07-12T21:26:06.989017+00:00,2026-05-07,2023-01-03,839,300,DATA_VALID,True,FOUNDATION_ELIGIBLE_BULLISH_POSITIVE_MACD,close is above EMA and MACD line is above both signal line and zero,202.5500030517578,200,153.39810199764358,8,21,5,19.71715644867419,15.70776065006801,4.009395798606178,14,82.60528561584951,CONTINUATION_GATE,30.0,65.0,RSI_ABOVE_CONFIGURED_RANGE,False,RSI 82.61 is above upper limit 65; further indicator rule processing is not allowed,14,42.570715603461586,54.42181849003771,6.877539161105366,36.02000427246091,14,10.916231242376895,5.389400680279159,486596700.0,20,344863749.76548684,14,100.0,28.57142857142857,UNADJUSTED_OHLC,2026-05-08,2026-05-08,2.8591532102772987,True,2026-05-08,2026-05-14,-6.065726839880425,False,2026-05-08,2026-05-19,-8.164318962276251,False
V8BASICFOUND_20260712T212606Z_f6e0fc4,V8_BASIC_FOUNDATION_4,V8_BASIC_FOUNDATION_RSI_30_65_20260713,FOUNDATION_THEN_RSI_CONTINUATION_NO_SCORE,V1_V3_RAW_INDICATORS_RSI_GATE_1,RSI_GATE_OTHER_CALCULATION_ONLY,NOT_RUN_FOUNDATION_INELIGIBLE,Foundation eligibility was not confirmed,QCOM,2026-07-12T21:26:06.989017+00:00,2026-06-09,2023-01-03,861,300,DATA_VALID,False,FOUNDATION_NOT_ELIGIBLE_MACD_POSITIVE_PULLBACK,"close is above EMA and MACD is positive, but MACD line is at or below signal line",205.4199981689453,200,167.2881729266529,8,21,5,6.623767765900624,12.615184843468416,-5.991417077567792,14,,CONTINUATION_GATE,30.0,65.0,RSI_NOT_EVALUATED_FOUNDATION_INELIGIBLE,,RSI rule was not evaluated because Foundation eligibility was not confirmed,14,,,,,14,,,,20,,14,,,UNADJUSTED_OHLC,2026-06-10,2026-06-10,-4.1411859458494344,False,2026-06-10,2026-06-16,7.324776957071988,True,2026-06-10,2026-06-22,11.25036921050957,True
V8BASICFOUND_20260712T212606Z_f6e0fc4,V8_BASIC_FOUNDATION_4,V8_BASIC_FOUNDATION_RSI_30_65_20260713,FOUNDATION_THEN_RSI_CONTINUATION_NO_SCORE,V1_V3_RAW_INDICATORS_RSI_GATE_1,RSI_GATE_OTHER_CALCULATION_ONLY,EXECUTED_FOUNDATION_ELIGIBLE,Foundation eligibility confirmed before indicator calculation,AMAT,2026-07-12T21:26:06.989017+00:00,2026-04-08,2023-01-03,818,300,DATA_VALID,True,FOUNDATION_ELIGIBLE_BULLISH_POSITIVE_MACD,close is above EMA and MACD line is above both signal line and zero,385.7200012207031,200,271.9520851549776,8,21,5,4.708740942875636,0.9522560966747083,3.7564848462009275,14,62.68604851327539,CONTINUATION_GATE,30.0,65.0,RSI_WITHIN_CONFIGURED_RANGE,True,RSI 62.69 is within inclusive limits 30 to 65; further indicator rule processing is allowed,14,14.583212728694523,30.98158358743649,19.56291978229784,34.989990234375114,14,17.529490629055733,4.544615413662624,217533900.0,20,208635329.49197525,14,100.0,57.14285714285714,UNADJUSTED_OHLC,2026-04-09,2026-04-09,3.260220002230696,True,2026-04-09,2026-04-15,2.338743612102534,True,2026-04-09,2026-04-20,1.6534705041369335,True
V8BASICFOUND_20260712T212606Z_f6e0fc4,V8_BASIC_FOUNDATION_4,V8_BASIC_FOUNDATION_RSI_30_65_20260713,FOUNDATION_THEN_RSI_CONTINUATION_NO_SCORE,V1_V3_RAW_INDICATORS_RSI_GATE_1,RSI_GATE_OTHER_CALCULATION_ONLY,NOT_RUN_FOUNDATION_INELIGIBLE,Foundation eligibility was not confirmed,AMAT,2026-07-12T21:26:06.989017+00:00,2026-04-30,2023-01-03,834,300,DATA_VALID,False,FOUNDATION_NOT_ELIGIBLE_MACD_POSITIVE_PULLBACK,"close is above EMA and MACD is positive, but MACD line is at or below signal line",394.489990234375,200,290.3553323145434,8,21,5,7.27154952183605,10.081193247741167,-2.809643725905117,14,,CONTINUATION_GATE,30.0,65.0,RSI_NOT_EVALUATED_FOUNDATION_INELIGIBLE,,RSI rule was not evaluated because Foundation eligibility was not confirmed,14,,,,,14,,,,20,,14,,,UNADJUSTED_OHLC,2026-05-01,2026-05-01,-0.09501235669983066,False,2026-05-01,2026-05-07,5.441007004036669,True,2026-05-01,2026-05-12,10.720246165458015,True
V8BASICFOUND_20260712T212606Z_f6e0fc4,V8_BASIC_FOUNDATION_4,V8_BASIC_FOUNDATION_RSI_30_65_20260713,FOUNDATION_THEN_RSI_CONTINUATION_NO_SCORE,V1_V3_RAW_INDICATORS_RSI_GATE_1,RSI_GATE_OTHER_CALCULATION_ONLY,EXECUTED_FOUNDATION_ELIGIBLE,Foundation eligibility confirmed before indicator calculation,AMAT,2026-07-12T21:26:06.989017+00:00,2026-05-07,2023-01-03,839,300,DATA_VALID,True,FOUNDATION_ELIGIBLE_BULLISH_POSITIVE_MACD,close is above EMA and MACD line is above both signal line and zero,410.6400146484375,200,296.00852001235944,8,21,5,10.670204502871968,9.244822460814778,1.4253820420571905,14,57.85421525599356,CONTINUATION_GATE,30.0,65.0,RSI_WITHIN_CONFIGURED_RANGE,True,RSI 57.85 is within inclusive limits 30 to 65; further indicator rule processing is allowed,14,17.82635648302737,32.02296331360415,20.58808399891807,22.6099853515625,14,16.34424050701309,3.9801870066184213,233606400.0,20,223910601.94021434,14,92.85714285714286,57.14285714285714,UNADJUSTED_OHLC,2026-05-08,2026-05-08,2.914139943919958,True,2026-05-08,2026-05-14,4.124226043148571,True,2026-05-08,2026-05-19,-3.8287873721515986,False
V8BASICFOUND_20260712T212606Z_f6e0fc4,V8_BASIC_FOUNDATION_4,V8_BASIC_FOUNDATION_RSI_30_65_20260713,FOUNDATION_THEN_RSI_CONTINUATION_NO_SCORE,V1_V3_RAW_INDICATORS_RSI_GATE_1,RSI_GATE_OTHER_CALCULATION_ONLY,EXECUTED_FOUNDATION_ELIGIBLE,Foundation eligibility confirmed before indicator calculation,AMAT,2026-07-12T21:26:06.989017+00:00,2026-06-09,2023-01-03,861,300,DATA_VALID,True,FOUNDATION_ELIGIBLE_BULLISH_POSITIVE_MACD,close is above EMA and MACD line is above both signal line and zero,499.2099914550781,200,326.94564469773604,8,21,5,23.646459772813103,22.204064883669773,1.4423948891433298,14,64.02508634145241,CONTINUATION_GATE,30.0,65.0,RSI_WITHIN_CONFIGURED_RANGE,True,RSI 64.03 is within inclusive limits 30 to 65; further indicator rule processing is allowed,14,19.08570997383354,31.111623323269953,16.892558290496563,59.469970703125,14,26.717277775427554,5.351911666982677,311076700.0,20,271190410.79743433,14,100.0,0.0,UNADJUSTED_OHLC,2026-06-10,2026-06-10,-1.1495850516250794,False,2026-06-10,2026-06-16,13.015368406626049,True,2026-06-10,2026-06-22,27.32551995781838,True
V8BASICFOUND_20260712T212606Z_f6e0fc4,V8_BASIC_FOUNDATION_4,V8_BASIC_FOUNDATION_RSI_30_65_20260713,FOUNDATION_THEN_RSI_CONTINUATION_NO_SCORE,V1_V3_RAW_INDICATORS_RSI_GATE_1,RSI_GATE_OTHER_CALCULATION_ONLY,EXECUTED_FOUNDATION_ELIGIBLE,Foundation eligibility confirmed before indicator calculation,LRCX,2026-07-12T21:26:06.989017+00:00,2026-04-08,2023-01-03,818,300,DATA_VALID,True,FOUNDATION_ELIGIBLE_BULLISH_POSITIVE_MACD,close is above EMA and MACD line is above both signal line and zero,246.4900054931641,200,172.10349289902808,8,21,5,2.308103081538178,-0.6366943583630337,2.944797439901212,14,61.27505818565075,CONTINUATION_GATE,30.0,65.0,RSI_WITHIN_CONFIGURED_RANGE,True,RSI 61.28 is within inclusive limits 30 to 65; further indicator rule processing is allowed,14,18.33841314733504,29.80239423372566,22.403591242494215,24.839996337890653,14,12.773817685665687,5.18228625948079,638117000.0,20,627288504.6271198,14,100.0,57.14285714285714,UNADJUSTED_OHLC,2026-04-09,2026-04-09,4.200059540798495,True,2026-04-09,2026-04-15,6.777272865525363,True,2026-04-09,2026-04-20,5.971892933478062,True
V8BASICFOUND_20260712T212606Z_f6e0fc4,V8_BASIC_FOUNDATION_4,V8_BASIC_FOUNDATION_RSI_30_65_20260713,FOUNDATION_THEN_RSI_CONTINUATION_NO_SCORE,V1_V3_RAW_INDICATORS_RSI_GATE_1,RSI_GATE_OTHER_CALCULATION_ONLY,NOT_RUN_FOUNDATION_INELIGIBLE,Foundation eligibility was not confirmed,LRCX,2026-07-12T21:26:06.989017+00:00,2026-04-30,2023-01-03,834,300,DATA_VALID,False,FOUNDATION_NOT_ELIGIBLE_MACD_POSITIVE_PULLBACK,"close is above EMA and MACD is positive, but MACD line is at or below signal line",257.8599853515625,200,185.321790163116,8,21,5,4.974360154145188,7.205198054378625,-2.2308379002334373,14,,CONTINUATION_GATE,30.0,65.0,RSI_NOT_EVALUATED_FOUNDATION_INELIGIBLE,,RSI rule was not evaluated because Foundation eligibility was not confirmed,14,,,,,14,,,,20,,14,,,UNADJUSTED_OHLC,2026-05-01,2026-05-01,0.6192685720915581,True,2026-05-01,2026-05-07,12.29912585211701,True,2026-05-01,2026-05-12,13.36520770020433,True
V8BASICFOUND_20260712T212606Z_f6e0fc4,V8_BASIC_FOUNDATION_4,V8_BASIC_FOUNDATION_RSI_30_65_20260713,FOUNDATION_THEN_RSI_CONTINUATION_NO_SCORE,V1_V3_RAW_INDICATORS_RSI_GATE_1,RSI_GATE_OTHER_CALCULATION_ONLY,EXECUTED_FOUNDATION_ELIGIBLE,Foundation eligibility confirmed before indicator calculation,LRCX,2026-07-12T21:26:06.989017+00:00,2026-05-07,2023-01-03,839,300,DATA_VALID,True,FOUNDATION_ELIGIBLE_BULLISH_POSITIVE_MACD,close is above EMA and MACD line is above both signal line and zero,286.5199890136719,200,189.7029056922166,8,21,5,11.734698275548169,8.831589504308099,2.9031087712400705,14,63.495107343522314,CONTINUATION_GATE,30.0,65.0,RSI_WITHIN_CONFIGURED_RANGE,True,RSI 63.50 is within inclusive limits 30 to 65; further indicator rule processing is allowed,14,18.481927392862787,33.146589689319526,16.857603628883393,14.8599853515625,14,13.177248092759893,4.599067638569228,656184600.0,20,647633117.6476439,14,100.0,57.14285714285714,UNADJUSTED_OHLC,2026-05-08,2026-05-08,-0.5647279253485515,False,2026-05-08,2026-05-14,1.1598784869547574,True,2026-05-08,2026-05-19,-7.554442122843675,False
V8BASICFOUND_20260712T212606Z_f6e0fc4,V8_BASIC_FOUNDATION_4,V8_BASIC_FOUNDATION_RSI_30_65_20260713,FOUNDATION_THEN_RSI_CONTINUATION_NO_SCORE,V1_V3_RAW_INDICATORS_RSI_GATE_1,RSI_GATE_OTHER_CALCULATION_ONLY,NOT_RUN_FOUNDATION_INELIGIBLE,Foundation eligibility was not confirmed,LRCX,2026-07-12T21:26:06.989017+00:00,2026-06-09,2023-01-03,861,300,DATA_VALID,False,FOUNDATION_NOT_ELIGIBLE_MACD_POSITIVE_PULLBACK,"close is above EMA and MACD is positive, but MACD line is at or below signal line",327.1600036621094,200,213.22970180745128,8,21,5,13.300185203599938,14.888927867492793,-1.5887426638928552,14,,CONTINUATION_GATE,30.0,65.0,RSI_NOT_EVALUATED_FOUNDATION_INELIGIBLE,,RSI rule was not evaluated because Foundation eligibility was not confirmed,14,,,,,14,,,,20,,14,,,UNADJUSTED_OHLC,2026-06-10,2026-06-10,-0.4608929173714582,False,2026-06-10,2026-06-16,14.244172902290607,True,2026-06-10,2026-06-22,26.67883254054089,True
V8BASICFOUND_20260712T212606Z_f6e0fc4,V8_BASIC_FOUNDATION_4,V8_BASIC_FOUNDATION_RSI_30_65_20260713,FOUNDATION_THEN_RSI_CONTINUATION_NO_SCORE,V1_V3_RAW_INDICATORS_RSI_GATE_1,RSI_GATE_OTHER_CALCULATION_ONLY,EXECUTED_FOUNDATION_ELIGIBLE,Foundation eligibility confirmed before indicator calculation,KLAC,2026-07-12T21:26:06.989017+00:00,2026-04-08,2023-01-03,818,300,DATA_VALID,True,FOUNDATION_ELIGIBLE_BULLISH_POSITIVE_MACD,close is above EMA and MACD line is above both signal line and zero,167.23399353027344,200,122.74551099035739,8,21,5,3.9580592043660943,2.1258246170012485,1.8322345873648458,14,66.44415846946224,CONTINUATION_GATE,30.0,65.0,RSI_ABOVE_CONFIGURED_RANGE,False,RSI 66.44 is above upper limit 65; further indicator rule processing is not allowed,14,16.360977175271184,29.205015963355365,23.244105484921445,13.741012573242188,14,7.209805182722914,4.311207925210351,626168000.0,20,607858922.2174268,14,100.0,57.14285714285714,UNADJUSTED_OHLC,2026-04-09,2026-04-09,3.4355553756463264,True,2026-04-09,2026-04-15,4.684144644209676,True,2026-04-09,2026-04-20,8.110114675983858,True
V8BASICFOUND_20260712T212606Z_f6e0fc4,V8_BASIC_FOUNDATION_4,V8_BASIC_FOUNDATION_RSI_30_65_20260713,FOUNDATION_THEN_RSI_CONTINUATION_NO_SCORE,V1_V3_RAW_INDICATORS_RSI_GATE_1,RSI_GATE_OTHER_CALCULATION_ONLY,NOT_RUN_FOUNDATION_INELIGIBLE,Foundation eligibility was not confirmed,KLAC,2026-07-12T21:26:06.989017+00:00,2026-04-30,2023-01-03,834,300,DATA_VALID,False,FOUNDATION_NOT_ELIGIBLE_MACD_POSITIVE_PULLBACK,"close is above EMA and MACD is positive, but MACD line is at or below signal line",175.03500366210938,200,131.1690315067035,8,21,5,6.637560003155755,8.410445456710915,-1.7728854535551601,14,,CONTINUATION_GATE,30.0,65.0,RSI_NOT_EVALUATED_FOUNDATION_INELIGIBLE,,RSI rule was not evaluated because Foundation eligibility was not confirmed,14,,,,,14,,,,20,,14,,,UNADJUSTED_OHLC,2026-05-01,2026-05-01,-0.38891861500913727,False,2026-05-01,2026-05-07,1.7455244334767528,True,2026-05-01,2026-05-12,4.521056732317619,True
V8BASICFOUND_20260712T212606Z_f6e0fc4,V8_BASIC_FOUNDATION_4,V8_BASIC_FOUNDATION_RSI_30_65_20260713,FOUNDATION_THEN_RSI_CONTINUATION_NO_SCORE,V1_V3_RAW_INDICATORS_RSI_GATE_1,RSI_GATE_OTHER_CALCULATION_ONLY,NOT_RUN_FOUNDATION_INELIGIBLE,Foundation eligibility was not confirmed,KLAC,2026-07-12T21:26:06.989017+00:00,2026-05-07,2023-01-03,839,300,DATA_VALID,False,FOUNDATION_NOT_ELIGIBLE_MACD_POSITIVE_PULLBACK,"close is above EMA and MACD is positive, but MACD line is at or below signal line",176.3249969482422,200,133.31040585378614,8,21,5,2.668852358413801,3.7574438868082938,-1.0885915283944927,14,,CONTINUATION_GATE,30.0,65.0,RSI_NOT_EVALUATED_FOUNDATION_INELIGIBLE,,RSI rule was not evaluated because Foundation eligibility was not confirmed,14,,,,,14,,,,20,,14,,,UNADJUSTED_OHLC,2026-05-08,2026-05-08,2.893276080079543,True,2026-05-08,2026-05-14,4.200641957232087,True,2026-05-08,2026-05-19,-4.186320804242339,False
V8BASICFOUND_20260712T212606Z_f6e0fc4,V8_BASIC_FOUNDATION_4,V8_BASIC_FOUNDATION_RSI_30_65_20260713,FOUNDATION_THEN_RSI_CONTINUATION_NO_SCORE,V1_V3_RAW_INDICATORS_RSI_GATE_1,RSI_GATE_OTHER_CALCULATION_ONLY,EXECUTED_FOUNDATION_ELIGIBLE,Foundation eligibility confirmed before indicator calculation,KLAC,2026-07-12T21:26:06.989017+00:00,2026-06-09,2023-01-03,861,300,DATA_VALID,True,FOUNDATION_ELIGIBLE_BULLISH_POSITIVE_MACD,close is above EMA and MACD line is above both signal line and zero,213.9369964599609,200,145.133223313134,8,21,5,9.276976909014707,8.393744253205448,0.8832326558092589,14,62.86920044313948,CONTINUATION_GATE,30.0,65.0,RSI_WITHIN_CONFIGURED_RANGE,True,RSI 62.87 is within inclusive limits 30 to 65; further indicator rule processing is allowed,14,20.519985578751882,36.00047004984297,16.014451108271118,26.73199462890628,14,11.588081631235209,5.416586108520019,667802000.0,20,643058953.547359,14,100.0,0.0,UNADJUSTED_OHLC,2026-06-10,2026-06-10,-1.421236750520305,False,2026-06-10,2026-06-16,9.548887315575062,True,2026-06-10,2026-06-22,24.24126188660365,True
V8BASICFOUND_20260712T212606Z_f6e0fc4,V8_BASIC_FOUNDATION_4,V8_BASIC_FOUNDATION_RSI_30_65_20260713,FOUNDATION_THEN_RSI_CONTINUATION_NO_SCORE,V1_V3_RAW_INDICATORS_RSI_GATE_1,RSI_GATE_OTHER_CALCULATION_ONLY,NOT_RUN_FOUNDATION_INELIGIBLE,Foundation eligibility was not confirmed,PLTR,2026-07-12T21:26:06.989017+00:00,2026-04-08,2023-01-03,818,300,DATA_VALID,False,FOUNDATION_NOT_ELIGIBLE_BELOW_OR_AT_EMA,close is at or below the configured long-term EMA,140.75999450683594,200,151.21754546682956,8,21,5,-1.5384565623985509,-1.0137184003665722,-0.5247381620319786,14,,CONTINUATION_GATE,30.0,65.0,RSI_NOT_EVALUATED_FOUNDATION_INELIGIBLE,,RSI rule was not evaluated because Foundation eligibility was not confirmed,14,,,,,14,,,,20,,14,,,UNADJUSTED_OHLC,2026-04-09,2026-04-09,-6.388319886910154,False,2026-04-09,2026-04-15,1.976390501512193,True,2026-04-09,2026-04-20,4.6594174239504405,True
V8BASICFOUND_20260712T212606Z_f6e0fc4,V8_BASIC_FOUNDATION_4,V8_BASIC_FOUNDATION_RSI_30_65_20260713,FOUNDATION_THEN_RSI_CONTINUATION_NO_SCORE,V1_V3_RAW_INDICATORS_RSI_GATE_1,RSI_GATE_OTHER_CALCULATION_ONLY,NOT_RUN_FOUNDATION_INELIGIBLE,Foundation eligibility was not confirmed,PLTR,2026-07-12T21:26:06.989017+00:00,2026-04-30,2023-01-03,834,300,DATA_VALID,False,FOUNDATION_NOT_ELIGIBLE_BELOW_OR_AT_EMA,close is at or below the configured long-term EMA,139.11000061035156,200,149.65646548995994,8,21,5,-1.4410724253870058,-0.9305154594470144,-0.5105569659399913,14,,CONTINUATION_GATE,30.0,65.0,RSI_NOT_EVALUATED_FOUNDATION_INELIGIBLE,,RSI rule was not evaluated because Foundation eligibility was not confirmed,14,,,,,14,,,,20,,14,,,UNADJUSTED_OHLC,2026-05-01,2026-05-01,0.5724309418630114,True,2026-05-01,2026-05-07,-4.328095600867144,False,2026-05-01,2026-05-12,-5.061082024432806,False
V8BASICFOUND_20260712T212606Z_f6e0fc4,V8_BASIC_FOUNDATION_4,V8_BASIC_FOUNDATION_RSI_30_65_20260713,FOUNDATION_THEN_RSI_CONTINUATION_NO_SCORE,V1_V3_RAW_INDICATORS_RSI_GATE_1,RSI_GATE_OTHER_CALCULATION_ONLY,NOT_RUN_FOUNDATION_INELIGIBLE,Foundation eligibility was not confirmed,PLTR,2026-07-12T21:26:06.989017+00:00,2026-05-07,2023-01-03,839,300,DATA_VALID,False,FOUNDATION_NOT_ELIGIBLE_BELOW_OR_AT_EMA,close is at or below the configured long-term EMA,137.0500030517578,200,149.15222652022734,8,21,5,-2.263816088284017,-1.626450705348314,-0.6373653829357029,14,,CONTINUATION_GATE,30.0,65.0,RSI_NOT_EVALUATED_FOUNDATION_INELIGIBLE,,RSI rule was not evaluated because Foundation eligibility was not confirmed,14,,,,,14,,,,20,,14,,,UNADJUSTED_OHLC,2026-05-08,2026-05-08,1.424205998866368,True,2026-05-08,2026-05-14,-1.5714199236774196,False,2026-05-08,2026-05-19,-0.44530303011585115,False
V8BASICFOUND_20260712T212606Z_f6e0fc4,V8_BASIC_FOUNDATION_4,V8_BASIC_FOUNDATION_RSI_30_65_20260713,FOUNDATION_THEN_RSI_CONTINUATION_NO_SCORE,V1_V3_RAW_INDICATORS_RSI_GATE_1,RSI_GATE_OTHER_CALCULATION_ONLY,NOT_RUN_FOUNDATION_INELIGIBLE,Foundation eligibility was not confirmed,PLTR,2026-07-12T21:26:06.989017+00:00,2026-06-09,2023-01-03,861,300,DATA_VALID,False,FOUNDATION_NOT_ELIGIBLE_BELOW_OR_AT_EMA,close is at or below the configured long-term EMA,132.07000732421875,200,147.19865836345448,8,21,5,-0.901409658453673,0.8532327643006443,-1.7546424227543174,14,,CONTINUATION_GATE,30.0,65.0,RSI_NOT_EVALUATED_FOUNDATION_INELIGIBLE,,RSI rule was not evaluated because Foundation eligibility was not confirmed,14,,,,,14,,,,20,,14,,,UNADJUSTED_OHLC,2026-06-10,2026-06-10,0.684330010832479,True,2026-06-10,2026-06-16,3.034991799248732,True,2026-06-10,2026-06-22,-7.59713681042985,False
V8BASICFOUND_20260712T212606Z_f6e0fc4,V8_BASIC_FOUNDATION_4,V8_BASIC_FOUNDATION_RSI_30_65_20260713,FOUNDATION_THEN_RSI_CONTINUATION_NO_SCORE,V1_V3_RAW_INDICATORS_RSI_GATE_1,RSI_GATE_OTHER_CALCULATION_ONLY,NOT_RUN_FOUNDATION_INELIGIBLE,Foundation eligibility was not confirmed,APP,2026-07-12T21:26:06.989017+00:00,2026-04-08,2023-01-03,818,300,DATA_VALID,False,FOUNDATION_NOT_ELIGIBLE_BELOW_OR_AT_EMA,close is at or below the configured long-term EMA,391.2000122070313,200,483.14201273909583,8,21,5,-17.346748788139962,-18.81732995725418,1.4705811691142188,14,,CONTINUATION_GATE,30.0,65.0,RSI_NOT_EVALUATED_FOUNDATION_INELIGIBLE,,RSI rule was not evaluated because Foundation eligibility was not confirmed,14,,,,,14,,,,20,,14,,,UNADJUSTED_OHLC,2026-04-09,2026-04-09,-3.805754159059338,False,2026-04-09,2026-04-15,17.884504900434983,True,2026-04-09,2026-04-20,24.56486862746008,True
V8BASICFOUND_20260712T212606Z_f6e0fc4,V8_BASIC_FOUNDATION_4,V8_BASIC_FOUNDATION_RSI_30_65_20260713,FOUNDATION_THEN_RSI_CONTINUATION_NO_SCORE,V1_V3_RAW_INDICATORS_RSI_GATE_1,RSI_GATE_OTHER_CALCULATION_ONLY,NOT_RUN_FOUNDATION_INELIGIBLE,Foundation eligibility was not confirmed,APP,2026-07-12T21:26:06.989017+00:00,2026-04-30,2023-01-03,834,300,DATA_VALID,False,FOUNDATION_NOT_ELIGIBLE_BELOW_OR_AT_EMA,close is at or below the configured long-term EMA,446.3500061035156,200,478.1396314777911,8,21,5,6.487039583481362,9.854265622981472,-3.3672260395001103,14,,CONTINUATION_GATE,30.0,65.0,RSI_NOT_EVALUATED_FOUNDATION_INELIGIBLE,,RSI rule was not evaluated because Foundation eligibility was not confirmed,14,,,,,14,,,,20,,14,,,UNADJUSTED_OHLC,2026-05-01,2026-05-01,0.2058592846818419,True,2026-05-01,2026-05-07,8.67325333057134,True,2026-05-01,2026-05-12,6.891333341399464,True
V8BASICFOUND_20260712T212606Z_f6e0fc4,V8_BASIC_FOUNDATION_4,V8_BASIC_FOUNDATION_RSI_30_65_20260713,FOUNDATION_THEN_RSI_CONTINUATION_NO_SCORE,V1_V3_RAW_INDICATORS_RSI_GATE_1,RSI_GATE_OTHER_CALCULATION_ONLY,EXECUTED_FOUNDATION_ELIGIBLE,Foundation eligibility confirmed before indicator calculation,APP,2026-07-12T21:26:06.989017+00:00,2026-05-07,2023-01-03,839,300,DATA_VALID,True,FOUNDATION_ELIGIBLE_BULLISH_POSITIVE_MACD,close is above EMA and MACD line is above both signal line and zero,498.8699951171875,200,478.05016970466124,8,21,5,14.257650082842474,11.389868663293747,2.8677814195487272,14,62.30246766700632,CONTINUATION_GATE,30.0,65.0,RSI_WITHIN_CONFIGURED_RANGE,True,RSI 62.30 is within inclusive limits 30 to 65; further indicator rule processing is allowed,14,14.63625451184674,29.69780346323292,18.45708516196342,69.69000244140625,14,27.741316828862647,5.560830897906788,549163500.0,20,537002632.1156455,14,100.0,57.14285714285714,UNADJUSTED_OHLC,2026-05-08,2026-05-08,-5.165263859966151,False,2026-05-08,2026-05-14,-1.8033888983393642,False,2026-05-08,2026-05-19,-3.475218728763496,False
V8BASICFOUND_20260712T212606Z_f6e0fc4,V8_BASIC_FOUNDATION_4,V8_BASIC_FOUNDATION_RSI_30_65_20260713,FOUNDATION_THEN_RSI_CONTINUATION_NO_SCORE,V1_V3_RAW_INDICATORS_RSI_GATE_1,RSI_GATE_OTHER_CALCULATION_ONLY,NOT_RUN_FOUNDATION_INELIGIBLE,Foundation eligibility was not confirmed,APP,2026-07-12T21:26:06.989017+00:00,2026-06-09,2023-01-03,861,300,DATA_VALID,False,FOUNDATION_NOT_ELIGIBLE_MACD_POSITIVE_PULLBACK,"close is above EMA and MACD is positive, but MACD line is at or below signal line",520.8400268554688,200,488.08403690727533,8,21,5,20.45315607681721,29.40581098591729,-8.952654909100083,14,,CONTINUATION_GATE,30.0,65.0,RSI_NOT_EVALUATED_FOUNDATION_INELIGIBLE,,RSI rule was not evaluated because Foundation eligibility was not confirmed,14,,,,,14,,,,20,,14,,,UNADJUSTED_OHLC,2026-06-10,2026-06-10,-2.5711930075969724,False,2026-06-10,2026-06-16,1.8201984526196258,True,2026-06-10,2026-06-22,-7.233339847095466,False
